SRR,Label,Description,GSE,GSM,Platform,Notes
SRR13018695,MSC,Healthy,GSE161176,GSM4891037,HiSeq2500,
SRR13018696,MSC,Healthy,GSE161176,GSM4891038,HiSeq2500,
SRR13018697,MSC,Healthy,GSE161176,GSM4891039,HiSeq2500,
SRR13018698,MSC,Treated,GSE161176,GSM4891040,HiSeq2500,
SRR13018699,MSC,Treated,GSE161176,GSM4891041,HiSeq2500,
SRR13018700,MSC,Treated,GSE161176,GSM4891042,HiSeq2500,
SRR13018701,MSC,Treated,GSE161176,GSM4891043,HiSeq2500,
SRR13018702,MSC,Treated,GSE161176,GSM4891044,HiSeq2500,
SRR13018703,MSC,Treated,GSE161176,GSM4891045,HiSeq2500,
SRR13018704,MSC,Treated,GSE161176,GSM4891046,HiSeq2500,
SRR13018705,MSC,Treated,GSE161176,GSM4891047,HiSeq2500,
SRR13018706,MSC,Treated,GSE161176,GSM4891048,HiSeq2500,
SRR13018707,MSC,Treated,GSE161176,GSM4891049,HiSeq2500,
SRR13018708,MSC,Treated,GSE161176,GSM4891050,HiSeq2500,
SRR13018709,MSC,Treated,GSE161176,GSM4891051,HiSeq2500,
SRR13018710,MSC,Treated,GSE161176,GSM4891052,HiSeq2500,
SRR13018711,MSC,Treated,GSE161176,GSM4891053,HiSeq2500,
SRR13018712,MSC,Treated,GSE161176,GSM4891054,HiSeq2500,
SRR13018713,MSC,Treated,GSE161176,GSM4891055,HiSeq2500,
SRR13018714,MSC,Treated,GSE161176,GSM4891056,HiSeq2500,
SRR13018715,MSC,Treated,GSE161176,GSM4891057,HiSeq2500,
SRR13018716,MSC,Treated,GSE161176,GSM4891058,HiSeq2500,
SRR13018717,MSC,Treated,GSE161176,GSM4891059,HiSeq2500,
SRR13018718,MSC,Treated,GSE161176,GSM4891060,HiSeq2500,
SRR13018719,Cartilage,Healthy,GSE161176,GSM4891061,HiSeq2500,
SRR13018720,Cartilage,Healthy,GSE161176,GSM4891062,HiSeq2500,
SRR13018721,Cartilage,Healthy,GSE161176,GSM4891063,HiSeq2500,
SRR13018722,Cartilage,Treated,GSE161176,GSM4891064,HiSeq2500,
SRR13018723,Cartilage,Treated,GSE161176,GSM4891065,HiSeq2500,
SRR13018724,Cartilage,Treated,GSE161176,GSM4891066,HiSeq2500,
SRR13018725,Cartilage,Treated,GSE161176,GSM4891067,HiSeq2500,
SRR13018726,Cartilage,Treated,GSE161176,GSM4891068,HiSeq2500,
SRR13018727,Cartilage,Treated,GSE161176,GSM4891069,HiSeq2500,
SRR13018728,Cartilage,Treated,GSE161176,GSM4891070,HiSeq2500,
SRR13018729,Cartilage,Treated,GSE161176,GSM4891071,HiSeq2500,
SRR13018730,Cartilage,Treated,GSE161176,GSM4891072,HiSeq2500,
SRR13018731,Cartilage,Treated,GSE161176,GSM4891073,HiSeq2500,
SRR13018732,Cartilage,Treated,GSE161176,GSM4891074,HiSeq2500,
SRR13018733,Cartilage,Treated,GSE161176,GSM4891075,HiSeq2500,
SRR13018734,Cartilage,Treated,GSE161176,GSM4891076,HiSeq2500,
SRR13018735,Cartilage,Treated,GSE161176,GSM4891077,HiSeq2500,
SRR13018736,Cartilage,Treated,GSE161176,GSM4891078,HiSeq2500,
SRR13018737,Cartilage,Treated,GSE161176,GSM4891079,HiSeq2500,
SRR13018738,Cartilage,Treated,GSE161176,GSM4891080,HiSeq2500,
SRR13018739,Cartilage,Treated,GSE161176,GSM4891081,HiSeq2500,
SRR13018740,Cartilage,Treated,GSE161176,GSM4891082,HiSeq2500,
SRR13018741,Cartilage,Treated,GSE161176,GSM4891083,HiSeq2500,
SRR13018742,Cartilage,Treated,GSE161176,GSM4891084,HiSeq2500,
SRR13018743,MSC,Healthy,GSE161176,GSM4891085,HiSeq2500,
SRR13018744,MSC,Healthy,GSE161176,GSM4891086,HiSeq2500,
SRR13018745,MSC,Healthy,GSE161176,GSM4891087,HiSeq2500,
SRR13018746,MSC,Treated,GSE161176,GSM4891088,HiSeq2500,
SRR13018747,MSC,Treated,GSE161176,GSM4891089,HiSeq2500,
SRR13018748,MSC,Treated,GSE161176,GSM4891090,HiSeq2500,
SRR13018749,MSC,Treated,GSE161176,GSM4891091,HiSeq2500,
SRR13018750,MSC,Treated,GSE161176,GSM4891092,HiSeq2500,
SRR13018751,MSC,Treated,GSE161176,GSM4891093,HiSeq2500,
SRR13018752,MSC,Treated,GSE161176,GSM4891094,HiSeq2500,
SRR13018753,MSC,Treated,GSE161176,GSM4891095,HiSeq2500,
SRR13018754,MSC,Treated,GSE161176,GSM4891096,HiSeq2500,
SRR13018755,MSC,Treated,GSE161176,GSM4891097,HiSeq2500,
SRR13018756,MSC,Treated,GSE161176,GSM4891098,HiSeq2500,
SRR13018757,MSC,Treated,GSE161176,GSM4891099,HiSeq2500,
SRR13018758,MSC,Treated,GSE161176,GSM4891100,HiSeq2500,
SRR13018759,MSC,Treated,GSE161176,GSM4891101,HiSeq2500,
SRR13018760,MSC,Treated,GSE161176,GSM4891102,HiSeq2500,
SRR13018761,MSC,Treated,GSE161176,GSM4891103,HiSeq2500,
SRR13018762,MSC,Treated,GSE161176,GSM4891104,HiSeq2500,
SRR13018763,MSC,Treated,GSE161176,GSM4891105,HiSeq2500,
SRR13018764,MSC,Treated,GSE161176,GSM4891106,HiSeq2500,
SRR13018765,MSC,Treated,GSE161176,GSM4891107,HiSeq2500,
SRR13018766,MSC,Treated,GSE161176,GSM4891108,HiSeq2500,
SRR13018767,MSC,Treated,GSE161176,GSM4891109,HiSeq2500,
SRR13018768,MSC,Treated,GSE161176,GSM4891110,HiSeq2500,
SRR13018769,MSC,Treated,GSE161176,GSM4891111,HiSeq2500,
SRR13018770,MSC,Treated,GSE161176,GSM4891112,HiSeq2500,
SRR13018771,MSC,Treated,GSE161176,GSM4891113,HiSeq2500,
SRR13018772,MSC,Treated,GSE161176,GSM4891114,HiSeq2500,
SRR13018773,Cartilage,Healthy,GSE161176,GSM4891115,HiSeq2500,
SRR13018774,Cartilage,Healthy,GSE161176,GSM4891116,HiSeq2500,
SRR13018775,Cartilage,Healthy,GSE161176,GSM4891117,HiSeq2500,
SRR13018776,Cartilage,Treated,GSE161176,GSM4891118,HiSeq2500,
SRR13018777,Cartilage,Treated,GSE161176,GSM4891119,HiSeq2500,
SRR13018778,Cartilage,Treated,GSE161176,GSM4891120,HiSeq2500,
SRR13018779,Cartilage,Treated,GSE161176,GSM4891121,HiSeq2500,
SRR13018780,Cartilage,Treated,GSE161176,GSM4891122,HiSeq2500,
SRR13018781,Cartilage,Treated,GSE161176,GSM4891123,HiSeq2500,
SRR13018782,Cartilage,Treated,GSE161176,GSM4891124,HiSeq2500,
SRR13018783,Cartilage,Treated,GSE161176,GSM4891125,HiSeq2500,
SRR13018784,Cartilage,Treated,GSE161176,GSM4891126,HiSeq2500,
SRR13018785,Cartilage,Treated,GSE161176,GSM4891127,HiSeq2500,
SRR13018786,Cartilage,Treated,GSE161176,GSM4891128,HiSeq2500,
SRR13018787,Cartilage,Treated,GSE161176,GSM4891129,HiSeq2500,
SRR7107481,Cartilage,Healthy,HiSeq 2000,GSM3130531,HiSeq2000,
SRR7107483,Cartilage,Healthy,HiSeq 2000,GSM3130533,HiSeq2000,
SRR7107484,Cartilage,Healthy,HiSeq 2000,GSM3130534,HiSeq2000,
SRR7107486,Cartilage,Healthy,HiSeq 2000,GSM3130536,HiSeq2000,
SRR7107487,Cartilage,Healthy,HiSeq 2000,GSM3130537,HiSeq2000,
SRR7107488,Cartilage,Healthy,HiSeq 2000,GSM3130538,HiSeq2000,
SRR7107489,Cartilage,OA,HiSeq 2000,GSM3130539,HiSeq2000,OA
SRR7107490,Cartilage,OA,HiSeq 2000,GSM3130540,HiSeq2000,OA
SRR7107491,Cartilage,OA,HiSeq 2000,GSM3130541,HiSeq2000,OA
SRR7107492,Cartilage,OA,HiSeq 2000,GSM3130542,HiSeq2000,OA
SRR7107493,Cartilage,OA,HiSeq 2000,GSM3130543,HiSeq2000,OA
SRR7107494,Cartilage,OA,HiSeq 2000,GSM3130544,HiSeq2000,OA
SRR7107495,Cartilage,OA,HiSeq 2000,GSM3130545,HiSeq2000,OA
SRR7107496,Cartilage,OA,HiSeq 2000,GSM3130546,HiSeq2000,OA
SRR7107497,Cartilage,OA,HiSeq 2000,GSM3130547,HiSeq2000,OA
SRR7107498,Cartilage,OA,HiSeq 2000,GSM3130548,HiSeq2000,OA
SRR6337326,Cartilage,Fetal,GSE106292,GSM2871635,HiSeq2500,
SRR6337327,Cartilage,Fetal,GSE106292,GSM2871636,HiSeq2500,
SRR6337328,Cartilage,Fetal,GSE106292,GSM2871637,HiSeq2500,
SRR6337329,Cartilage,Fetal,GSE106292,GSM2871638,HiSeq2500,
SRR6337330,Cartilage,Embryo,GSE106292,GSM2871639,HiSeq2500,
SRR6337331,Cartilage,Embryo,GSE106292,GSM2871640,HiSeq2500,
SRR6337332,Cartilage,Embryo,GSE106292,GSM2871641,HiSeq2500,
SRR6337333,Cartilage,Juvenile,GSE106292,GSM2871642,HiSeq2500,
SRR6337334,Cartilage,Juvenile,GSE106292,GSM2871643,HiSeq2500,
SRR6337335,Cartilage,Juvenile,GSE106292,GSM2871644,HiSeq2500,
SRR6337336,Cartilage,Adult,GSE106292,GSM2871645,HiSeq2500,
SRR6337337,Cartilage,Adult,GSE106292,GSM2871646,HiSeq2500,
SRR6337338,Cartilage,Adult,GSE106292,GSM2871647,HiSeq2500,
SRR3536062,Cartilage,Fetal,GSE81526,GSM2155101,HiSeq2500,
SRR3536063,Cartilage,Fetal,GSE81526,GSM2155102,HiSeq2500,
SRR3536064,Cartilage,Fetal,GSE81526,GSM2155103,HiSeq2500,
SRR3536065,Cartilage,Fetal,GSE81526,GSM2155104,HiSeq2500,
SRR3536066,Cartilage,Healthy,GSE81526,GSM2155105,HiSeq2500,
SRR3536067,Cartilage,Healthy,GSE81526,GSM2155106,HiSeq2500,
SRR3536068,Cartilage,Healthy,GSE81526,GSM2155107,HiSeq2500,
SRR3536069,Cartilage,Cultured,GSE81526,GSM2155108,HiSeq2500,
SRR3536070,Cartilage,Cultured,GSE81526,GSM2155109,HiSeq2500,
SRR3536071,Cartilage,Cultured,GSE81526,GSM2155110,HiSeq2500,
SRR3536072,Cartilage,Cultured,GSE81526,GSM2155111,HiSeq2500,
SRR3536073,Cartilage,Cultured,GSE81526,GSM2155112,HiSeq2500,
SRR3536074,Cartilage,Cultured,GSE81526,GSM2155113,HiSeq2500,
SRR3536075,Cartilage,Cultured,GSE81526,GSM2155114,HiSeq2500,
SRR3536076,Cartilage,Treated,GSE81526,GSM2155115,HiSeq2500,
SRR3536077,Cartilage,Treated,GSE81526,GSM2155116,HiSeq2500,
SRR3536078,Cartilage,Treated,GSE81526,GSM2155117,HiSeq2500,
SRR3536079,Cartilage,Treated,GSE81526,GSM2155118,HiSeq2500,
SRR3536080,Cartilage,Treated,GSE81526,GSM2155119,HiSeq2500,
SRR3536081,Cartilage,Treated,GSE81526,GSM2155120,HiSeq2500,
SRR3536082,Cartilage,Treated,GSE81526,GSM2155121,HiSeq2500,
SRR6321830,Cartilage,Injured,GSE111358,GSM2864660,HiSeq2500,
SRR6321831,Cartilage,Injured,GSE111358,GSM2864661,HiSeq2500,
SRR6321832,Cartilage,Injured,GSE111358,GSM2864662,HiSeq2500,
SRR6321833,Cartilage,Injured,GSE111358,GSM2864663,HiSeq2500,
SRR6321834,Cartilage,Injured,GSE111358,GSM2864664,HiSeq2500,
SRR6321835,Cartilage,Injured,GSE111358,GSM2864665,HiSeq2500,
SRR6798765,Cartilage,OA,GSE111358,GSM3029071,HiSeq2500,OA
SRR6798766,Cartilage,OA,GSE111358,GSM3029072,HiSeq2500,OA
SRR6798767,Cartilage,OA,GSE111358,GSM3029073,HiSeq2500,OA
SRR6798768,Cartilage,OA,GSE111358,GSM3029074,HiSeq2500,OA
SRR6798769,Cartilage,OA,GSE111358,GSM3029075,HiSeq2500,OA
SRR6798770,Cartilage,OA,GSE111358,GSM3029076,HiSeq2500,OA
SRR6798771,Cartilage,OA,GSE111358,GSM3029077,HiSeq2500,OA
SRR6798772,Cartilage,OA,GSE111358,GSM3029078,HiSeq2500,OA
SRR6798773,Cartilage,OA,GSE111358,GSM3029079,HiSeq2500,OA
SRR6798774,Cartilage,OA,GSE111358,GSM3029080,HiSeq2500,OA
SRR17190416,Cartilage,Healthy,GSE190615,GSM5726497,HiSeq2500,
SRR17190417,Cartilage,Healthy,GSE190615,GSM5726498,HiSeq2500,
SRR17190418,Cartilage,Healthy,GSE190615,GSM5726499,HiSeq2500,
SRR17190419,Cartilage,Healthy,GSE190615,GSM5726500,HiSeq2500,
SRR17190420,Cartilage,Healthy,GSE190615,GSM5726501,HiSeq2500,
SRR17190421,Cartilage,Healthy,GSE190615,GSM5726502,HiSeq2500,
SRR17190422,Cartilage,Healthy,GSE190615,GSM5726503,HiSeq2500,
SRR17190423,Cartilage,Healthy,GSE190615,GSM5726504,HiSeq2500,
SRR17190504,Bone,Healthy,GSE190615,GSM5726585,HiSeq2500,Osteoblast
SRR17190505,Bone,Healthy,GSE190615,GSM5726586,HiSeq2500,Osteoblast
SRR17190506,Bone,Healthy,GSE190615,GSM5726587,HiSeq2500,Osteoblast
SRR17190507,Bone,Healthy,GSE190615,GSM5726588,HiSeq2500,Osteoblast
SRR17190508,Bone,Healthy,GSE190615,GSM5726589,HiSeq2500,Osteoblast
SRR17190509,Bone,Healthy,GSE190615,GSM5726590,HiSeq2500,Osteoblast
SRR17190510,Bone,Healthy,GSE190615,GSM5726591,HiSeq2500,Osteoblast
SRR17190511,Bone,Healthy,GSE190615,GSM5726592,HiSeq2500,Osteoblast
SRR17190568,Muscle,Healthy,GSE190615,GSM5726649,HiSeq2500,skeletal_muscle
SRR17190569,Muscle,Healthy,GSE190615,GSM5726650,HiSeq2500,skeletal_muscle
SRR17190570,Muscle,Healthy,GSE190615,GSM5726651,HiSeq2500,skeletal_muscle
SRR17190571,Muscle,Healthy,GSE190615,GSM5726652,HiSeq2500,skeletal_muscle
SRR17190572,Muscle,Healthy,GSE190615,GSM5726653,HiSeq2500,skeletal_muscle
SRR17190573,Muscle,Healthy,GSE190615,GSM5726654,HiSeq2500,skeletal_muscle
SRR17190574,Muscle,Healthy,GSE190615,GSM5726655,HiSeq2500,skeletal_muscle
SRR17190575,Muscle,Healthy,GSE190615,GSM5726656,HiSeq2500,skeletal_muscle
SRR10603518,Bone,Diseased,GSE141614,GSM4209329,HiSeq2000,
SRR10603519,Bone,Diseased,GSE141614,GSM4209330,HiSeq2000,
SRR10603520,Bone,Diseased,GSE141614,GSM4209331,HiSeq2000,
SRR10603521,Bone,Diseased,GSE141614,GSM4209332,HiSeq2000,
SRR10603522,Bone,Diseased,GSE141614,GSM4209333,HiSeq2000,
SRR10603523,Bone,Diseased,GSE141614,GSM4209334,HiSeq2000,
SRR10603524,Bone,Diseased,GSE141614,GSM4209335,HiSeq2000,
SRR10603525,Bone,Diseased,GSE141614,GSM4209336,HiSeq2000,
SRR10603526,Bone,Diseased,GSE141614,GSM4209337,HiSeq2000,
SRR10603527,Bone,Diseased,GSE141614,GSM4209338,HiSeq2000,
SRR10603528,Bone,Diseased,GSE141614,GSM4209339,HiSeq2000,
SRR10603529,Bone,Diseased,GSE141614,GSM4209340,HiSeq2000,
SRR10603530,Bone,Diseased,GSE141614,GSM4209341,HiSeq2000,
SRR10603531,Bone,Diseased,GSE141614,GSM4209342,HiSeq2000,
SRR10603532,Bone,Diseased,GSE141614,GSM4209343,HiSeq2000,
SRR10603533,Bone,Healthy,GSE141614,GSM4209344,HiSeq2000,
SRR10603534,Bone,Healthy,GSE141614,GSM4209345,HiSeq2000,
SRR10603535,Bone,Healthy,GSE141614,GSM4209346,HiSeq2000,
SRR10603536,Bone,Healthy,GSE141614,GSM4209347,HiSeq2000,
SRR10603537,Bone,Healthy,GSE141614,GSM4209348,HiSeq2000,
SRR10603538,Bone,Healthy,GSE141614,GSM4209349,HiSeq2000,
SRR10603539,Bone,Healthy,GSE141614,GSM4209350,HiSeq2000,
SRR10603540,Bone,Healthy,GSE141614,GSM4209351,HiSeq2000,
SRR10603541,Bone,Healthy,GSE141614,GSM4209352,HiSeq2000,
SRR10603542,Bone,Healthy,GSE141614,GSM4209353,HiSeq2000,
SRR10603543,Bone,Healthy,GSE141614,GSM4209354,HiSeq2000,
SRR10603544,Bone,Healthy,GSE141614,GSM4209355,HiSeq2000,
SRR10603545,Bone,Healthy,GSE141614,GSM4209356,HiSeq2000,
SRR10603546,Bone,Healthy,GSE141614,GSM4209357,HiSeq2000,
SRR10603547,Bone,Healthy,GSE141614,GSM4209358,HiSeq2000,
SRR10603694,Bone,Diseased,GSE141614,GSM4209502,HiSeq2000,
SRR10603695,Bone,Diseased,GSE141614,GSM4209503,HiSeq2000,
SRR10603696,Bone,Diseased,GSE141614,GSM4209504,HiSeq2000,
SRR10603697,Bone,Diseased,GSE141614,GSM4209505,HiSeq2000,
SRR10603698,Bone,Diseased,GSE141614,GSM4209506,HiSeq2000,
SRR10603699,Bone,Diseased,GSE141614,GSM4209507,HiSeq2000,
SRR10603700,Bone,Diseased,GSE141614,GSM4209508,HiSeq2000,
SRR10603701,Bone,Diseased,GSE141614,GSM4209509,HiSeq2000,
SRR10603702,Bone,Diseased,GSE141614,GSM4209510,HiSeq2000,
SRR10603703,Bone,Diseased,GSE141614,GSM4209511,HiSeq2000,
SRR10603704,Bone,Diseased,GSE141614,GSM4209512,HiSeq2000,
SRR10603705,Bone,Diseased,GSE141614,GSM4209513,HiSeq2000,
SRR10603706,Bone,Diseased,GSE141614,GSM4209514,HiSeq2000,
SRR10603707,Bone,Diseased,GSE141614,GSM4209515,HiSeq2000,
SRR10603708,Bone,Diseased,GSE141614,GSM4209516,HiSeq2000,
SRR10603709,Bone,Healthy,GSE141614,GSM4209517,HiSeq2000,
SRR10603710,Bone,Healthy,GSE141614,GSM4209518,HiSeq2000,
SRR10603712,Bone,Healthy,GSE141614,GSM4209520,HiSeq2000,
SRR10603713,Bone,Healthy,GSE141614,GSM4209521,HiSeq2000,
SRR10603714,Bone,Healthy,GSE141614,GSM4209522,HiSeq2000,
SRR10603716,Bone,Healthy,GSE141614,GSM4209524,HiSeq2000,
SRR10603718,Bone,Healthy,GSE141614,GSM4209526,HiSeq2000,
SRR10603719,Bone,Healthy,GSE141614,GSM4209527,HiSeq2000,
SRR10603720,Bone,Healthy,GSE141614,GSM4209528,HiSeq2000,
SRR10603723,Bone,Healthy,GSE141614,GSM4209531,HiSeq2000,
SRR19666560,Bone,Healthy,GSE141614,GSM6246351,HiSeq2000,
SRR19666561,Bone,Healthy,GSE141614,GSM6246352,HiSeq2000,
SRR19666562,Bone,Healthy,GSE141614,GSM6246353,HiSeq2000,
SRR19666563,Bone,Healthy,GSE141614,GSM6246354,HiSeq2000,
SRR19666564,Bone,Healthy,GSE141614,GSM6246355,HiSeq2000,
SRR19666565,Bone,Healthy,GSE141614,GSM6246356,HiSeq2000,
SRR19666566,Bone,Healthy,GSE141614,GSM6246357,HiSeq2000,
SRR2937498,Bone,Healthy,GSE75234,GSM1946487,HiSeq2000,
SRR2937499,Bone,Healthy,GSE75234,GSM1946488,HiSeq2000,
SRR1175185,Bone,Diseased,GSE55282,GSM1333378,HiSeq2000,
SRR1175186,Bone,Diseased,GSE55282,GSM1333379,HiSeq2000,
SRR1175187,Bone,Diseased,GSE55282,GSM1333380,HiSeq2000,
SRR1175188,Bone,Diseased,GSE55282,GSM1333381,HiSeq2000,
SRR1175189,Bone,Diseased,GSE55282,GSM1333382,HiSeq2000,
SRR1175190,Bone,Diseased,GSE55282,GSM1333383,HiSeq2000,
SRR1175191,Bone,Diseased,GSE55282,GSM1333384,HiSeq2000,
SRR1175192,Bone,Diseased,GSE55282,GSM1333385,HiSeq2000,
SRR1175193,Bone,Diseased,GSE55282,GSM1333386,HiSeq2000,
SRR1175194,Bone,Diseased,GSE55282,GSM1333387,HiSeq2000,
SRR1175195,Bone,Diseased,GSE55282,GSM1333388,HiSeq2000,
SRR1175196,Bone,Diseased,GSE55282,GSM1333389,HiSeq2000,
SRR1175197,Bone,Diseased,GSE55282,GSM1333390,HiSeq2000,
SRR1175198,Bone,Diseased,GSE55282,GSM1333391,HiSeq2000,
SRR1175199,Bone,Diseased,GSE55282,GSM1333392,HiSeq2000,
SRR1175200,Bone,Diseased,GSE55282,GSM1333393,HiSeq2000,
SRR1175201,Bone,Diseased,GSE55282,GSM1333394,HiSeq2000,
SRR1175202,Bone,Diseased,GSE55282,GSM1333395,HiSeq2000,
SRR1175203,Bone,Diseased,GSE55282,GSM1333396,HiSeq2000,
SRR1175204,Bone,Diseased,GSE55282,GSM1333397,HiSeq2000,
SRR1175205,Bone,Diseased,GSE55282,GSM1333398,HiSeq2000,
SRR1175206,Bone,Diseased,GSE55282,GSM1333399,HiSeq2000,
SRR1175207,Bone,Diseased,GSE55282,GSM1333400,HiSeq2000,
SRR1175208,Bone,Healthy,GSE55282,GSM1333401,HiSeq2000,
SRR1175209,Bone,Healthy,GSE55282,GSM1333402,HiSeq2000,
SRR1175210,Bone,Healthy,GSE55282,GSM1333403,HiSeq2000,
SRR1175211,Bone,Healthy,GSE55282,GSM1333404,HiSeq2000,
SRR1175212,Bone,Healthy,GSE55282,GSM1333405,HiSeq2000,
SRR1175214,Bone,Healthy,GSE55282,GSM1333407,HiSeq2000,
SRR1175215,Bone,Healthy,GSE55282,GSM1333408,HiSeq2000,
SRR13610768,Ligament,Stressed,GSE165988,GSM5059761,HiSeq2500,
SRR13610769,Ligament,Healthy,GSE165988,GSM5059762,HiSeq2500,
SRR13610770,Ligament,Stressed,GSE165988,GSM5059763,HiSeq2500,
SRR13610771,Ligament,Healthy,GSE165988,GSM5059764,HiSeq2500,
SRR13610772,Ligament,Stressed,GSE165988,GSM5059765,HiSeq2500,
SRR13610773,Ligament,Healthy,GSE165988,GSM5059766,HiSeq2500,
SRR13610774,Ligament,Stressed,GSE165988,GSM5059767,HiSeq2500,
SRR13610775,Ligament,Stressed,GSE165988,GSM5059768,HiSeq2500,
SRR13610776,Ligament,Healthy,GSE165988,GSM5059769,HiSeq2500,
SRR13610777,Ligament,Stressed,GSE165988,GSM5059770,HiSeq2500,
SRR13610778,Ligament,Healthy,GSE165988,GSM5059771,HiSeq2500,
SRR13610779,Ligament,Stressed,GSE165988,GSM5059772,HiSeq2500,
SRR13610780,Ligament,Healthy,GSE165988,GSM5059773,HiSeq2500,
SRR13610781,Ligament,Stressed,GSE165988,GSM5059774,HiSeq2500,
SRR13610782,Ligament,Stressed,GSE165988,GSM5059775,HiSeq2500,
SRR13610783,Ligament,Healthy,GSE165988,GSM5059776,HiSeq2500,
SRR13610784,Ligament,Healthy,GSE165988,GSM5059777,HiSeq2500,
SRR13610785,Ligament,Stressed,GSE165988,GSM5059778,HiSeq2500,
SRR13610786,Ligament,Stressed,GSE165988,GSM5059779,HiSeq2500,
SRR13610787,Ligament,Healthy,GSE165988,GSM5059780,HiSeq2500,
SRR13610788,Ligament,Healthy,GSE165988,GSM5059781,HiSeq2500,
SRR13610789,Ligament,Stressed,GSE165988,GSM5059782,HiSeq2500,
SRR13610790,Ligament,Stressed,GSE165988,GSM5059783,HiSeq2500,
SRR13610791,Ligament,Healthy,GSE165988,GSM5059784,HiSeq2500,
SRR13610792,Ligament,Healthy,GSE165988,GSM5059785,HiSeq2500,
SRR13610793,Ligament,Stressed,GSE165988,GSM5059786,HiSeq2500,
SRR13610794,Ligament,Healthy,GSE165988,GSM5059787,HiSeq2500,
SRR13610795,Ligament,Stressed,GSE165988,GSM5059788,HiSeq2500,
SRR13610796,Ligament,Healthy,GSE165988,GSM5059789,HiSeq2500,
SRR1781814,Ligament,Injured,GSE65469,GSM1598127,HiSeq2500,
SRR1781815,Ligament,Injured,GSE65469,GSM1598128,HiSeq2500,
SRR1781816,Ligament,Injured,GSE65469,GSM1598129,HiSeq2500,
SRR1781817,Ligament,Injured,GSE65469,GSM1598130,HiSeq2500,
SRR1781818,Ligament,Injured,GSE65469,GSM1598131,HiSeq2500,
SRR1781819,Ligament,Injured,GSE65469,GSM1598132,HiSeq2500,
SRR1781820,Ligament,Injured,GSE65469,GSM1598133,HiSeq2500,
SRR1781821,Ligament,Injured,GSE65469,GSM1598134,HiSeq2500,
SRR6870939,Bone,Treated,GSE112101,GSM3057704,HiSeq2000,Osteoblast
SRR6870941,Bone,Healthy,GSE112101,GSM3057706,HiSeq2000,Osteoblast
SRR6870944,Bone,Treated,GSE112101,GSM3057709,HiSeq2000,Osteoblast
SRR6870946,Bone,Healthy,GSE112101,GSM3057711,HiSeq2000,Osteoblast
SRR6870953,Fibroblast,Healthy,GSE112101,GSM3057718,HiSeq2000,Osteoblast
SRR6870955,Fibroblast,Healthy,GSE112101,GSM3057720,HiSeq2000,Osteoblast
SRR6870960,Fibroblast,Healthy,GSE112101,GSM3057725,HiSeq2000,Osteoblast
SRR6870961,Fibroblast,Healthy,GSE112101,GSM3057726,HiSeq2000,Osteoblast
SRR6870968,Muscle,Healthy,GSE112101,GSM3057733,HiSeq2000,Osteoblast
SRR6870970,Muscle,Healthy,GSE112101,GSM3057735,HiSeq2000,Osteoblast
SRR6870973,Muscle,Healthy,GSE112101,GSM3057738,HiSeq2000,Osteoblast
SRR6870976,Muscle,Healthy,GSE112101,GSM3057741,HiSeq2000,Osteoblast
SRR21009221,Cartilage,Healthy,GSE210984,GSM6443689,HiSeq2500,
SRR21009222,Cartilage,Healthy,GSE210984,GSM6443688,HiSeq2500,
SRR21009223,Cartilage,Healthy,GSE210984,GSM6443687,HiSeq2500,
SRR21009224,MSC,Treated,GSE210984,GSM6443686,HiSeq2500,differentiated_to_cartilage
SRR21009225,MSC,Treated,GSE210984,GSM6443685,HiSeq2500,differentiated_to_cartilage
SRR21009226,MSC,Treated,GSE210984,GSM6443684,HiSeq2500,differentiated_to_cartilage
SRR21009227,MSC,Treated,GSE210984,GSM6443683,HiSeq2500,differentiated_to_cartilage
SRR21009228,MSC,Treated,GSE210984,GSM6443682,HiSeq2500,differentiated_to_cartilage
SRR21009229,MSC,Treated,GSE210984,GSM6443681,HiSeq2500,differentiated_to_cartilage
SRR21009230,MSC,Treated,GSE210984,GSM6443680,HiSeq2500,differentiated_to_cartilage
SRR21009231,MSC,Treated,GSE210984,GSM6443679,HiSeq2500,differentiated_to_cartilage
SRR21009232,MSC,Treated,GSE210984,GSM6443678,HiSeq2500,differentiated_to_cartilage
SRR21009233,MSC,Healthy,GSE210984,GSM6443677,HiSeq2500,
SRR21009234,MSC,Healthy,GSE210984,GSM6443676,HiSeq2500,
SRR21009235,MSC,Healthy,GSE210984,GSM6443675,HiSeq2500,
SRR18550705,MSC,Healthy,GSE199826,GSM5988053,HiSeq2000,
SRR18550706,MSC,Healthy,GSE199826,GSM5988052,HiSeq2000,
SRR18550707,MSC,Healthy,GSE199826,GSM5988051,HiSeq2000,
SRR18550709,MSC,Healthy,GSE199826,GSM5988049,HiSeq2000,
SRR18550710,MSC,Healthy,GSE199826,GSM5988048,HiSeq2000,
SRR18550711,MSC,Healthy,GSE199826,GSM5988047,HiSeq2000,
SRR18550712,MSC,Healthy,GSE199826,GSM5988046,HiSeq2000,
SRR18550713,MSC,Healthy,GSE199826,GSM5988045,HiSeq2000,
SRR22560355,MSC,Healthy,GSE220294,GSM6797908,HiSeq2500,
SRR22560356,MSC,Treated,GSE220294,GSM6797907,HiSeq2500,
SRR22560357,MSC,Healthy,GSE220294,GSM6797906,HiSeq2500,
SRR22560360,MSC,Treated,GSE220294,GSM6797903,HiSeq2500,
SRR22560361,MSC,Healthy,GSE220294,GSM6797902,HiSeq2500,
SRR14903835,MSC,Healthy,GSE178804,GSM5397973,HiSeq2000,
SRR14903836,MSC,Diseased,GSE178804,GSM5397974,HiSeq2000,late_passage
SRR14903839,MSC,Healthy,GSE178804,GSM5397977,HiSeq2000,
SRR14903840,MSC,Diseased,GSE178804,GSM5397978,HiSeq2000,late_passage
SRR14903841,MSC,Healthy,GSE178804,GSM5397979,HiSeq2000,
SRR14903842,MSC,Healthy,GSE178804,GSM5397980,HiSeq2000,
SRR3534841,MSC,Healthy,GSE81478,GSM2154690,HiSeq2000,
SRR3534842,MSC,Healthy,GSE81478,GSM2154691,HiSeq2000,
SRR3534843,MSC,Healthy,GSE81478,GSM2154692,HiSeq2000,
SRR3534845,MSC,Diseased,GSE81478,GSM2154694,HiSeq2000,LPS_treated
SRR6231603,Muscle,Fetal,GSE106292,GSM2835494,HiSeq2500,skeletal_muscle
SRR6231604,Muscle,Fetal,GSE106292,GSM2835494,HiSeq2500,skeletal_muscle
SRR6231605,Muscle,Fetal,GSE106292,GSM2835494,HiSeq2500,skeletal_muscle
SRR6231606,Muscle,Fetal,GSE106292,GSM2835494,HiSeq2500,skeletal_muscle
SRR6231607,Muscle,Fetal,GSE106292,GSM2835495,HiSeq2500,skeletal_muscle
SRR6231608,Muscle,Fetal,GSE106292,GSM2835495,HiSeq2500,skeletal_muscle
SRR6231609,Muscle,Fetal,GSE106292,GSM2835495,HiSeq2500,skeletal_muscle
SRR6231610,Muscle,Fetal,GSE106292,GSM2835495,HiSeq2500,skeletal_muscle
SRR6231611,Muscle,Fetal,GSE106292,GSM2835496,HiSeq2500,skeletal_muscle
SRR6231612,Muscle,Fetal,GSE106292,GSM2835496,HiSeq2500,skeletal_muscle
SRR6231613,Muscle,Fetal,GSE106292,GSM2835496,HiSeq2500,skeletal_muscle
SRR6231614,Muscle,Fetal,GSE106292,GSM2835496,HiSeq2500,skeletal_muscle
SRR6231615,Muscle,Fetal,GSE106292,GSM2835497,HiSeq2500,skeletal_muscle
SRR6231616,Muscle,Fetal,GSE106292,GSM2835497,HiSeq2500,skeletal_muscle
SRR6231617,Muscle,Fetal,GSE106292,GSM2835497,HiSeq2500,skeletal_muscle
SRR6231618,Muscle,Fetal,GSE106292,GSM2835497,HiSeq2500,skeletal_muscle
SRR6337317,Bone,Fetal,GSE106292,GSM2871626,HiSeq2500,
SRR6337318,Bone,Fetal,GSE106292,GSM2871627,HiSeq2500,
SRR6337319,Bone,Fetal,GSE106292,GSM2871628,HiSeq2500,
SRR6337320,Ligament,Fetal,GSE106292,GSM2871629,HiSeq2500,
SRR6337321,Ligament,Fetal,GSE106292,GSM2871630,HiSeq2500,
SRR6337322,Ligament,Fetal,GSE106292,GSM2871631,HiSeq2500,
SRR6337323,Tendon,Fetal,GSE106292,GSM2871632,HiSeq2500,
SRR6337324,Tendon,Fetal,GSE106292,GSM2871633,HiSeq2500,
SRR6337325,Tendon,Fetal,GSE106292,GSM2871634,HiSeq2500,
SRR21409916,Bone,Healthy,GSE212631,GSM6542014,HiSeq2500,
SRR21409917,Bone,Healthy,GSE212631,GSM6542013,HiSeq2500,
SRR21409918,Bone,Healthy,GSE212631,GSM6542012,HiSeq2500,
SRR21409919,Bone,Healthy,GSE212631,GSM6542011,HiSeq2500,
SRR21409920,Bone,Healthy,GSE212631,GSM6542010,HiSeq2500,
SRR21409921,Bone,Healthy,GSE212631,GSM6542009,HiSeq2500,
SRR21409922,Bone,Healthy,GSE212631,GSM6542008,HiSeq2500,
SRR21409923,Bone,Healthy,GSE212631,GSM6542007,HiSeq2500,
SRR21409924,Bone,Healthy,GSE212631,GSM6542006,HiSeq2500,
SRR21409925,Bone,Healthy,GSE212631,GSM6542005,HiSeq2500,
SRR21409926,Bone,Healthy,GSE212631,GSM6542004,HiSeq2500,
SRR21409927,Bone,Healthy,GSE212631,GSM6542003,HiSeq2500,
SRR21409928,Bone,Healthy,GSE212631,GSM6542002,HiSeq2500,
SRR21409929,Bone,Healthy,GSE212631,GSM6542001,HiSeq2500,
SRR21409930,Bone,Healthy,GSE212631,GSM6542000,HiSeq2500,
SRR6870864,Monocyte,Treated,GSE112101,,HiSeq2000,
SRR6870867,Monocyte,Healthy,GSE112101,,HiSeq2000,
SRR6870871,Monocyte,Treated,GSE112101,,HiSeq2000,
SRR6870873,Monocyte,Healthy,GSE112101,,HiSeq2000,
SRR6870880,PMN,Neutrophil_treated,GSE112101,,HiSeq2000,
SRR6870883,PMN,Neutrophil_healthy,GSE112101,,HiSeq2000,
SRR6870885,PMN,Neutrophil_treated,GSE112101,,HiSeq2000,
SRR6870889,PMN,Neutrophil_healthy,GSE112101,,HiSeq2000,
SRR6870894,T_cells,Treated,GSE112101,GSE112101,HiSeq2000,CD4p
SRR6870898,T_cells,Helper,GSE112101,GSE112101,HiSeq2000,CD3p_CD4p_CD8n
SRR6870900,T_cells,Treated,GSE112101,GSE112101,HiSeq2000,CD4p
SRR6870902,T_cells,Helper,GSE112101,GSE112101,HiSeq2000,CD3p_CD4p_CD8n
SRR6870908,B_cells,Treated,GSE112101,GSE112101,HiSeq2000,
SRR6870911,B_cells,Healthy,GSE112101,GSE112101,HiSeq2000,
SRR6870915,B_cells,Treated,GSE112101,GSE112101,HiSeq2000,
SRR6870916,B_cells,Healthy,GSE112101,GSE112101,HiSeq2000,
SRR6870923,Endothelial Cell,Treated,GSE112101,GSE112101,HiSeq2000,
SRR6870927,Endothelial Cell,Healthy,GSE112101,,HiSeq2000,
SRR6870930,Endothelial Cell,Treated,GSE112101,,HiSeq2000,
SRR6870932,Endothelial Cell,Healthy,GSE112101,,HiSeq2000,
SRR6870983,preadipocyte,Treated,GSE112101,,HiSeq2000,
SRR6870986,preadipocyte,Healthy,GSE112101,,HiSeq2000,
SRR6870990,preadipocyte,Treated,GSE112101,,HiSeq2000,
SRR6870991,preadipocyte,Healthy,GSE112101,,HiSeq2000,
SRR16204410,Tendon,Healthy,GSE180836,,HiSeq2500,
SRR16204407,Tendon,Healthy,GSE180836,,HiSeq2500,
SRR11582313,T_cells,Mature,GSE149050,GSM4489145,HiSeq2500,CD3p
SRR11582314,T_cells,Mature,GSE149050,GSM4489146,HiSeq2500,CD3p
SRR11582316,T_cells,Mature,GSE149050,GSM4489148,HiSeq2500,CD3p
SRR11582317,T_cells,Mature,GSE149050,GSM4489149,HiSeq2500,CD3p
SRR11582318,T_cells,Mature,GSE149050,GSM4489150,HiSeq2500,CD3p
SRR11582319,T_cells,Mature,GSE149050,GSM4489151,HiSeq2500,CD3p
SRR11582320,T_cells,Mature,GSE149050,GSM4489152,HiSeq2500,CD3p
SRR11582321,T_cells,Mature,GSE149050,GSM4489153,HiSeq2500,CD3p
SRR11582322,T_cells,Mature,GSE149050,GSM4489154,HiSeq2500,CD3p
SRR11582323,T_cells,Mature,GSE149050,GSM4489155,HiSeq2500,CD3p
SRR11582324,T_cells,Mature,GSE149050,GSM4489156,HiSeq2500,CD3p
SRR11582325,T_cells,Diseased,GSE149050,GSM4489157,HiSeq2500,CD3p
SRR11582326,T_cells,Diseased,GSE149050,GSM4489158,HiSeq2500,CD3p
SRR11582327,T_cells,Diseased,GSE149050,GSM4489159,HiSeq2500,CD3p
SRR11582328,T_cells,Diseased,GSE149050,GSM4489160,HiSeq2500,CD3p
SRR11582329,T_cells,Diseased,GSE149050,GSM4489161,HiSeq2500,CD3p
SRR11582330,T_cells,Diseased,GSE149050,GSM4489162,HiSeq2500,CD3p
SRR11582331,T_cells,Diseased,GSE149050,GSM4489163,HiSeq2500,CD3p
SRR11582332,T_cells,Diseased,GSE149050,GSM4489164,HiSeq2500,CD3p
SRR11582333,T_cells,Diseased,GSE149050,GSM4489165,HiSeq2500,CD3p
SRR11582334,T_cells,Diseased,GSE149050,GSM4489166,HiSeq2500,CD3p
SRR11582335,T_cells,Diseased,GSE149050,GSM4489167,HiSeq2500,CD3p
SRR11582336,T_cells,Diseased,GSE149050,GSM4489168,HiSeq2500,CD3p
SRR11582337,T_cells,Diseased,GSE149050,GSM4489169,HiSeq2500,CD3p
SRR11582338,T_cells,Diseased,GSE149050,GSM4489170,HiSeq2500,CD3p
SRR11582339,T_cells,Diseased,GSE149050,GSM4489171,HiSeq2500,CD3p
SRR11582340,T_cells,Diseased,GSE149050,GSM4489172,HiSeq2500,CD3p
SRR11582341,T_cells,Diseased,GSE149050,GSM4489173,HiSeq2500,CD3p
SRR11582342,T_cells,Diseased,GSE149050,GSM4489174,HiSeq2500,CD3p
SRR11582343,T_cells,Diseased,GSE149050,GSM4489175,HiSeq2500,CD3p
SRR11582344,T_cells,Diseased,GSE149050,GSM4489176,HiSeq2500,CD3p
SRR11582345,T_cells,Diseased,GSE149050,GSM4489177,HiSeq2500,CD3p
SRR11582346,T_cells,Diseased,GSE149050,GSM4489178,HiSeq2500,CD3p
SRR11582347,T_cells,Diseased,GSE149050,GSM4489179,HiSeq2500,CD3p
SRR11582348,T_cells,Diseased,GSE149050,GSM4489180,HiSeq2500,CD3p
SRR11582349,B_cells,Normal,GSE149050,GSM4489181,HiSeq2500,CD19p__TCRa/bn
SRR11582350,B_cells,Normal,GSE149050,GSM4489182,HiSeq2500,CD19p__TCRa/bn
SRR11582351,B_cells,Normal,GSE149050,GSM4489183,HiSeq2500,CD19p__TCRa/bn
SRR11582352,B_cells,Normal,GSE149050,GSM4489184,HiSeq2500,CD19p__TCRa/bn
SRR11582353,B_cells,Normal,GSE149050,GSM4489185,HiSeq2500,CD19p__TCRa/bn
SRR11582354,B_cells,Normal,GSE149050,GSM4489186,HiSeq2500,CD19p__TCRa/bn
SRR11582355,B_cells,Normal,GSE149050,GSM4489187,HiSeq2500,CD19p__TCRa/bn
SRR11582356,B_cells,Normal,GSE149050,GSM4489188,HiSeq2500,CD19p__TCRa/bn
SRR11582357,B_cells,Normal,GSE149050,GSM4489189,HiSeq2500,CD19p__TCRa/bn
SRR11582358,B_cells,Normal,GSE149050,GSM4489190,HiSeq2500,CD19p__TCRa/bn
SRR11582359,B_cells,Normal,GSE149050,GSM4489191,HiSeq2500,CD19p__TCRa/bn
SRR11582360,B_cells,Normal,GSE149050,GSM4489192,HiSeq2500,CD19p__TCRa/bn
SRR11582361,B_cells,Diseased,GSE149050,GSM4489193,HiSeq2500,CD19p__TCRa/bn
SRR11582362,B_cells,Diseased,GSE149050,GSM4489194,HiSeq2500,CD19p__TCRa/bn
SRR11582363,B_cells,Diseased,GSE149050,GSM4489195,HiSeq2500,CD19p__TCRa/bn
SRR11582364,B_cells,Diseased,GSE149050,GSM4489196,HiSeq2500,CD19p__TCRa/bn
SRR11582365,B_cells,Diseased,GSE149050,GSM4489197,HiSeq2500,CD19p__TCRa/bn
SRR11582366,B_cells,Diseased,GSE149050,GSM4489198,HiSeq2500,CD19p__TCRa/bn
SRR11582367,B_cells,Diseased,GSE149050,GSM4489199,HiSeq2500,CD19p__TCRa/bn
SRR11582368,B_cells,Diseased,GSE149050,GSM4489200,HiSeq2500,CD19p__TCRa/bn
SRR11582369,B_cells,Diseased,GSE149050,GSM4489201,HiSeq2500,CD19p__TCRa/bn
SRR11582370,B_cells,Diseased,GSE149050,GSM4489202,HiSeq2500,CD19p__TCRa/bn
SRR11582371,B_cells,Diseased,GSE149050,GSM4489203,HiSeq2500,CD19p__TCRa/bn
SRR11582372,B_cells,Diseased,GSE149050,GSM4489204,HiSeq2500,CD19p__TCRa/bn
SRR11582373,B_cells,Diseased,GSE149050,GSM4489205,HiSeq2500,CD19p__TCRa/bn
SRR11582374,B_cells,Diseased,GSE149050,GSM4489206,HiSeq2500,CD19p__TCRa/bn
SRR11582375,B_cells,Diseased,GSE149050,GSM4489207,HiSeq2500,CD19p__TCRa/bn
SRR11582376,B_cells,Diseased,GSE149050,GSM4489208,HiSeq2500,CD19p__TCRa/bn
SRR11582377,B_cells,Diseased,GSE149050,GSM4489209,HiSeq2500,CD19p__TCRa/bn
SRR11582378,B_cells,Diseased,GSE149050,GSM4489210,HiSeq2500,CD19p__TCRa/bn
SRR11582379,B_cells,Diseased,GSE149050,GSM4489211,HiSeq2500,CD19p__TCRa/bn
SRR11582380,B_cells,Diseased,GSE149050,GSM4489212,HiSeq2500,CD19p__TCRa/bn
SRR11582381,PMN,Normal,GSE149050,GSM4489213,HiSeq2500,dextran_density_gradient
SRR11582382,PMN,Normal,GSE149050,GSM4489214,HiSeq2500,dextran_density_gradient
SRR11582383,PMN,Normal,GSE149050,GSM4489215,HiSeq2500,dextran_density_gradient
SRR11582384,PMN,Normal,GSE149050,GSM4489216,HiSeq2500,dextran_density_gradient
SRR11582385,PMN,Normal,GSE149050,GSM4489217,HiSeq2500,dextran_density_gradient
SRR11582386,PMN,Normal,GSE149050,GSM4489218,HiSeq2500,dextran_density_gradient
SRR11582387,PMN,Normal,GSE149050,GSM4489219,HiSeq2500,dextran_density_gradient
SRR11582388,PMN,Normal,GSE149050,GSM4489220,HiSeq2500,dextran_density_gradient
SRR11582389,PMN,Normal,GSE149050,GSM4489221,HiSeq2500,dextran_density_gradient
SRR11582390,PMN,Normal,GSE149050,GSM4489222,HiSeq2500,dextran_density_gradient
SRR11582391,PMN,Normal,GSE149050,GSM4489223,HiSeq2500,dextran_density_gradient
SRR11582392,PMN,Normal,GSE149050,GSM4489224,HiSeq2500,dextran_density_gradient
SRR11582393,PMN,Diseased,GSE149050,GSM4489225,HiSeq2500,dextran_density_gradient
SRR11582394,PMN,Diseased,GSE149050,GSM4489226,HiSeq2500,dextran_density_gradient
SRR11582395,PMN,Diseased,GSE149050,GSM4489227,HiSeq2500,dextran_density_gradient
SRR11582396,PMN,Diseased,GSE149050,GSM4489228,HiSeq2500,dextran_density_gradient
SRR11582397,PMN,Diseased,GSE149050,GSM4489229,HiSeq2500,dextran_density_gradient
SRR11582398,PMN,Diseased,GSE149050,GSM4489230,HiSeq2500,dextran_density_gradient
SRR11582399,PMN,Diseased,GSE149050,GSM4489231,HiSeq2500,dextran_density_gradient
SRR11582400,PMN,Diseased,GSE149050,GSM4489232,HiSeq2500,dextran_density_gradient
SRR11582401,PMN,Diseased,GSE149050,GSM4489233,HiSeq2500,dextran_density_gradient
SRR11582402,PMN,Diseased,GSE149050,GSM4489234,HiSeq2500,dextran_density_gradient
SRR11582403,PMN,Diseased,GSE149050,GSM4489235,HiSeq2500,dextran_density_gradient
SRR11582404,PMN,Diseased,GSE149050,GSM4489236,HiSeq2500,dextran_density_gradient
SRR11582405,PMN,Diseased,GSE149050,GSM4489237,HiSeq2500,dextran_density_gradient
SRR11582406,PMN,Diseased,GSE149050,GSM4489238,HiSeq2500,dextran_density_gradient
SRR11582407,PMN,Diseased,GSE149050,GSM4489239,HiSeq2500,dextran_density_gradient
SRR11582408,PMN,Diseased,GSE149050,GSM4489240,HiSeq2500,dextran_density_gradient
SRR11582409,PMN,Diseased,GSE149050,GSM4489241,HiSeq2500,dextran_density_gradient
SRR11582410,PMN,Diseased,GSE149050,GSM4489242,HiSeq2500,dextran_density_gradient
SRR11582411,PMN,Diseased,GSE149050,GSM4489243,HiSeq2500,dextran_density_gradient
SRR11582412,PMN,Diseased,GSE149050,GSM4489244,HiSeq2500,dextran_density_gradient
SRR11582413,PMN,Diseased,GSE149050,GSM4489245,HiSeq2500,dextran_density_gradient
SRR11582414,PMN,Diseased,GSE149050,GSM4489246,HiSeq2500,dextran_density_gradient
SRR11582415,PMN,Diseased,GSE149050,GSM4489247,HiSeq2500,dextran_density_gradient
SRR11582416,PMN,Diseased,GSE149050,GSM4489248,HiSeq2500,dextran_density_gradient
SRR11582417,Dendritic_cells,cDC,GSE149050,GSM4489249,HiSeq2500,CD19n__HLAnDRp__CD303n__CD11cp__TCRa/bn
SRR11582418,Dendritic_cells,cDC,GSE149050,GSM4489250,HiSeq2500,CD19n__HLAnDRp__CD303n__CD11cp__TCRa/bn
SRR11582419,Dendritic_cells,cDC,GSE149050,GSM4489251,HiSeq2500,CD19n__HLAnDRp__CD303n__CD11cp__TCRa/bn
SRR11582420,Dendritic_cells,cDC,GSE149050,GSM4489252,HiSeq2500,CD19n__HLAnDRp__CD303n__CD11cp__TCRa/bn
SRR11582421,Dendritic_cells,cDC,GSE149050,GSM4489253,HiSeq2500,CD19n__HLAnDRp__CD303n__CD11cp__TCRa/bn
SRR11582422,Dendritic_cells,cDC,GSE149050,GSM4489254,HiSeq2500,CD19n__HLAnDRp__CD303n__CD11cp__TCRa/bn
SRR11582423,Dendritic_cells,cDC,GSE149050,GSM4489255,HiSeq2500,CD19n__HLAnDRp__CD303n__CD11cp__TCRa/bn
SRR11582424,Dendritic_cells,cDC,GSE149050,GSM4489256,HiSeq2500,CD19n__HLAnDRp__CD303n__CD11cp__TCRa/bn
SRR11582425,Dendritic_cells,cDC,GSE149050,GSM4489257,HiSeq2500,CD19n__HLAnDRp__CD303n__CD11cp__TCRa/bn
SRR11582426,Dendritic_cells,cDC,GSE149050,GSM4489258,HiSeq2500,CD19n__HLAnDRp__CD303n__CD11cp__TCRa/bn
SRR11582427,Dendritic_cells,cDC,GSE149050,GSM4489259,HiSeq2500,CD19n__HLAnDRp__CD303n__CD11cp__TCRa/bn
SRR11582428,Dendritic_cells,cDC,GSE149050,GSM4489260,HiSeq2500,CD19n__HLAnDRp__CD303n__CD11cp__TCRa/bn
SRR11582429,Dendritic_cells,cDC_diseased,GSE149050,GSM4489261,HiSeq2500,CD19n__HLAnDRp__CD303n__CD11cp__TCRa/bn
SRR11582430,Dendritic_cells,cDC_diseased,GSE149050,GSM4489262,HiSeq2500,CD19n__HLAnDRp__CD303n__CD11cp__TCRa/bn
SRR11582431,Dendritic_cells,cDC_diseased,GSE149050,GSM4489263,HiSeq2500,CD19n__HLAnDRp__CD303n__CD11cp__TCRa/bn
SRR11582432,Dendritic_cells,cDC_diseased,GSE149050,GSM4489264,HiSeq2500,CD19n__HLAnDRp__CD303n__CD11cp__TCRa/bn
SRR11582433,Dendritic_cells,cDC_diseased,GSE149050,GSM4489265,HiSeq2500,CD19n__HLAnDRp__CD303n__CD11cp__TCRa/bn
SRR11582434,Dendritic_cells,cDC_diseased,GSE149050,GSM4489266,HiSeq2500,CD19n__HLAnDRp__CD303n__CD11cp__TCRa/bn
SRR11582435,Dendritic_cells,cDC_diseased,GSE149050,GSM4489267,HiSeq2500,CD19n__HLAnDRp__CD303n__CD11cp__TCRa/bn
SRR11582436,Dendritic_cells,cDC_diseased,GSE149050,GSM4489268,HiSeq2500,CD19n__HLAnDRp__CD303n__CD11cp__TCRa/bn
SRR11582437,Dendritic_cells,cDC_diseased,GSE149050,GSM4489269,HiSeq2500,CD19n__HLAnDRp__CD303n__CD11cp__TCRa/bn
SRR11582438,Dendritic_cells,cDC_diseased,GSE149050,GSM4489270,HiSeq2500,CD19n__HLAnDRp__CD303n__CD11cp__TCRa/bn
SRR11582439,Dendritic_cells,cDC_diseased,GSE149050,GSM4489271,HiSeq2500,CD19n__HLAnDRp__CD303n__CD11cp__TCRa/bn
SRR11582440,Dendritic_cells,cDC_diseased,GSE149050,GSM4489272,HiSeq2500,CD19n__HLAnDRp__CD303n__CD11cp__TCRa/bn
SRR11582441,Dendritic_cells,cDC_diseased,GSE149050,GSM4489273,HiSeq2500,CD19n__HLAnDRp__CD303n__CD11cp__TCRa/bn
SRR11582442,Dendritic_cells,cDC_diseased,GSE149050,GSM4489274,HiSeq2500,CD19n__HLAnDRp__CD303n__CD11cp__TCRa/bn
SRR11582443,Dendritic_cells,cDC_diseased,GSE149050,GSM4489275,HiSeq2500,CD19n__HLAnDRp__CD303n__CD11cp__TCRa/bn
SRR11582444,Dendritic_cells,cDC_diseased,GSE149050,GSM4489276,HiSeq2500,CD19n__HLAnDRp__CD303n__CD11cp__TCRa/bn
SRR11582445,Dendritic_cells,cDC_diseased,GSE149050,GSM4489277,HiSeq2500,CD19n__HLAnDRp__CD303n__CD11cp__TCRa/bn
SRR11582446,Dendritic_cells,cDC_diseased,GSE149050,GSM4489278,HiSeq2500,CD19n__HLAnDRp__CD303n__CD11cp__TCRa/bn
SRR11582447,Dendritic_cells,cDC_diseased,GSE149050,GSM4489279,HiSeq2500,CD19n__HLAnDRp__CD303n__CD11cp__TCRa/bn
SRR11582448,Dendritic_cells,cDC_diseased,GSE149050,GSM4489280,HiSeq2500,CD19n__HLAnDRp__CD303n__CD11cp__TCRa/bn
SRR11582449,Dendritic_cells,pDC,GSE149050,GSM4489281,HiSeq2500,CD19n__HLAnDRp__CD303p__CD11cn__TCRa/bn
SRR11582450,Dendritic_cells,pDC,GSE149050,GSM4489282,HiSeq2500,CD19n__HLAnDRp__CD303p__CD11cn__TCRa/bn
SRR11582451,Dendritic_cells,pDC,GSE149050,GSM4489283,HiSeq2500,CD19n__HLAnDRp__CD303p__CD11cn__TCRa/bn
SRR11582452,Dendritic_cells,pDC,GSE149050,GSM4489284,HiSeq2500,CD19n__HLAnDRp__CD303p__CD11cn__TCRa/bn
SRR11582453,Dendritic_cells,pDC,GSE149050,GSM4489285,HiSeq2500,CD19n__HLAnDRp__CD303p__CD11cn__TCRa/bn
SRR11582454,Dendritic_cells,pDC,GSE149050,GSM4489286,HiSeq2500,CD19n__HLAnDRp__CD303p__CD11cn__TCRa/bn
SRR11582455,Dendritic_cells,pDC,GSE149050,GSM4489287,HiSeq2500,CD19n__HLAnDRp__CD303p__CD11cn__TCRa/bn
SRR11582456,Dendritic_cells,pDC,GSE149050,GSM4489288,HiSeq2500,CD19n__HLAnDRp__CD303p__CD11cn__TCRa/bn
SRR11582457,Dendritic_cells,pDC,GSE149050,GSM4489289,HiSeq2500,CD19n__HLAnDRp__CD303p__CD11cn__TCRa/bn
SRR11582458,Dendritic_cells,pDC,GSE149050,GSM4489290,HiSeq2500,CD19n__HLAnDRp__CD303p__CD11cn__TCRa/bn
SRR11582459,Dendritic_cells,pDC,GSE149050,GSM4489291,HiSeq2500,CD19n__HLAnDRp__CD303p__CD11cn__TCRa/bn
SRR11582460,Dendritic_cells,pDC_disease,GSE149050,GSM4489292,HiSeq2500,CD19n__HLAnDRp__CD303p__CD11cn__TCRa/bn
SRR11582461,Dendritic_cells,pDC_disease,GSE149050,GSM4489293,HiSeq2500,CD19n__HLAnDRp__CD303p__CD11cn__TCRa/bn
SRR11582462,Dendritic_cells,pDC_disease,GSE149050,GSM4489294,HiSeq2500,CD19n__HLAnDRp__CD303p__CD11cn__TCRa/bn
SRR11582463,Dendritic_cells,pDC_disease,GSE149050,GSM4489295,HiSeq2500,CD19n__HLAnDRp__CD303p__CD11cn__TCRa/bn
SRR11582464,Dendritic_cells,pDC_disease,GSE149050,GSM4489296,HiSeq2500,CD19n__HLAnDRp__CD303p__CD11cn__TCRa/bn
SRR11582465,Dendritic_cells,pDC_disease,GSE149050,GSM4489297,HiSeq2500,CD19n__HLAnDRp__CD303p__CD11cn__TCRa/bn
SRR11582466,Dendritic_cells,pDC_disease,GSE149050,GSM4489298,HiSeq2500,CD19n__HLAnDRp__CD303p__CD11cn__TCRa/bn
SRR11582467,Dendritic_cells,pDC_disease,GSE149050,GSM4489299,HiSeq2500,CD19n__HLAnDRp__CD303p__CD11cn__TCRa/bn
SRR11582468,Dendritic_cells,pDC_disease,GSE149050,GSM4489300,HiSeq2500,CD19n__HLAnDRp__CD303p__CD11cn__TCRa/bn
SRR11582469,Dendritic_cells,pDC_disease,GSE149050,GSM4489301,HiSeq2500,CD19n__HLAnDRp__CD303p__CD11cn__TCRa/bn
SRR11582470,Dendritic_cells,pDC_disease,GSE149050,GSM4489302,HiSeq2500,CD19n__HLAnDRp__CD303p__CD11cn__TCRa/bn
SRR11582471,Dendritic_cells,pDC_disease,GSE149050,GSM4489303,HiSeq2500,CD19n__HLAnDRp__CD303p__CD11cn__TCRa/bn
SRR11582472,Dendritic_cells,pDC_disease,GSE149050,GSM4489304,HiSeq2500,CD19n__HLAnDRp__CD303p__CD11cn__TCRa/bn
SRR11582473,Dendritic_cells,pDC_disease,GSE149050,GSM4489305,HiSeq2500,CD19n__HLAnDRp__CD303p__CD11cn__TCRa/bn
SRR11582474,Dendritic_cells,pDC_disease,GSE149050,GSM4489306,HiSeq2500,CD19n__HLAnDRp__CD303p__CD11cn__TCRa/bn
SRR11582475,Dendritic_cells,pDC_disease,GSE149050,GSM4489307,HiSeq2500,CD19n__HLAnDRp__CD303p__CD11cn__TCRa/bn
SRR11582476,Dendritic_cells,pDC_disease,GSE149050,GSM4489308,HiSeq2500,CD19n__HLAnDRp__CD303p__CD11cn__TCRa/bn
SRR11582477,Dendritic_cells,pDC_disease,GSE149050,GSM4489309,HiSeq2500,CD19n__HLAnDRp__CD303p__CD11cn__TCRa/bn
SRR11582478,Dendritic_cells,pDC_disease,GSE149050,GSM4489310,HiSeq2500,CD19n__HLAnDRp__CD303p__CD11cn__TCRa/bn
SRR11582479,Dendritic_cells,pDC_disease,GSE149050,GSM4489311,HiSeq2500,CD19n__HLAnDRp__CD303p__CD11cn__TCRa/bn
SRR11582480,Dendritic_cells,pDC_disease,GSE149050,GSM4489312,HiSeq2500,CD19n__HLAnDRp__CD303p__CD11cn__TCRa/bn
SRR25254033,T_cells,Diseased,GSE237218,GSM7597340,HiSeq2000,Memory_CD4p
SRR25254034,CD4p,Memory,GSE237218,GSM7597339,HiSeq2000,Memory_CD4p
SRR25254035,T_cells,Diseased,GSE237218,GSM7597338,HiSeq2000,Memory_CD4p
SRR25254036,B_cells,Diseased,GSE237218,GSM7597337,HiSeq2000,CD19p/CD27n_B_cells
SRR25254037,B_cells,Normal,GSE237218,GSM7597336,HiSeq2000,CD19p/CD27n_B_cells
SRR25254038,T_cells,Diseased,GSE237218,GSM7597335,HiSeq2000,Memory_CD4p/CD25n_Tcells
SRR25254039,T_cells,Diseased,GSE237218,GSM7597334,HiSeq2000,Memory_CD4p/CD25p_regulatory_Tcells
SRR25254040,T_cells,Diseased,GSE237218,GSM7597333,HiSeq2000,Memory_CD4p/CD25p_regulatory_Tcells
SRR25254041,CD4p,Memory,GSE237218,GSM7597332,HiSeq2000,Memory_CD4p
SRR25254042,CD4p,Memory,GSE237218,GSM7597331,HiSeq2000,Memory_CD4p
SRR25254043,CD4p,Memory,GSE237218,GSM7597330,HiSeq2000,Memory_CD4p
SRR25254044,T_cells,Diseased,GSE237218,GSM7597329,HiSeq2000,Memory_CD4p/CD25p_regulatory_Tcells
SRR25254045,B_cells,Normal,GSE237218,GSM7597328,HiSeq2000,CD19p/CD27n_B_cells
SRR25254046,B_cells,Normal,GSE237218,GSM7597327,HiSeq2000,CD19p/CD27n_B_cells
SRR25254047,B_cells,Normal,GSE237218,GSM7597326,HiSeq2000,CD19p/CD27n_B_cells
SRR25254048,B_cells,Diseased,GSE237218,GSM7597325,HiSeq2000,CD19p/CD27n_B_cells
SRR25254049,B_cells,Normal,GSE237218,GSM7597324,HiSeq2000,CD19p/CD27n_B_cells
SRR25254050,B_cells,Normal,GSE237218,GSM7597323,HiSeq2000,CD19p/CD27n_B_cells
SRR25254051,B_cells,Normal,GSE237218,GSM7597322,HiSeq2000,CD19p/CD27n_B_cells
SRR25254052,B_cells,Normal,GSE237218,GSM7597321,HiSeq2000,CD19p/CD27n_B_cells
SRR25254053,B_cells,Diseased,GSE237218,GSM7597320,HiSeq2000,CD19p/CD27n_B_cells
SRR25254054,B_cells,Diseased,GSE237218,GSM7597319,HiSeq2000,CD19p/CD27n_B_cells
SRR25254055,B_cells,Normal,GSE237218,GSM7597318,HiSeq2000,CD19p/CD27n_B_cells
SRR25254056,B_cells,Diseased,GSE237218,GSM7596981,HiSeq2000,CD19p/CD27n_B_cells
SRR25254057,B_cells,Normal,GSE237218,GSM7596980,HiSeq2000,CD19p/CD27n_B_cells
SRR25254058,B_cells,Diseased,GSE237218,GSM7596979,HiSeq2000,CD19p/CD27n_B_cells
SRR25253617,T_cells,Diseased,GSE237218,GSM7597125,HiSeq2000,CD4p_CD25n_Tcells
SRR25253618,T_cells,Memory,GSE237218,GSM7597124,HiSeq2000,Memory_CD4p_CD25n_Tcells
SRR25253619,T_cells,Memory,GSE237218,GSM7597123,HiSeq2000,Memory_CD4p_CD25n_Tcells
SRR25253620,T_cells,Diseased,GSE237218,GSM7597122,HiSeq2000,Memory_CD4p/CD25n_Tcells
SRR25253621,T_cells,Diseased,GSE237218,GSM7597121,HiSeq2000,Memory_CD4p/CD25n_Tcells
SRR25253622,T_cells,Memory,GSE237218,GSM7597120,HiSeq2000,Memory_CD4p_CD25n_Tcells
SRR25253623,T_cells,Memory,GSE237218,GSM7597119,HiSeq2000,Memory_CD4p_CD25n_Tcells
SRR25253624,T_cells,Diseased,GSE237218,GSM7597118,HiSeq2000,Memory_CD4p/CD25n_Tcells
SRR25253625,T_cells,Diseased,GSE237218,GSM7597117,HiSeq2000,Memory_CD4p/CD25n_Tcells
SRR25253626,T_cells,Memory,GSE237218,GSM7597116,HiSeq2000,Memory_CD4p_CD25n_Tcells
SRR25253627,T_cells,Memory,GSE237218,GSM7597115,HiSeq2000,Memory_CD4p_CD25n_Tcells
SRR25253628,T_cells,Diseased,GSE237218,GSM7597114,HiSeq2000,Memory_CD4p/CD25n_Tcells
SRR25253629,T_cells,Diseased,GSE237218,GSM7597113,HiSeq2000,Memory_CD4p/CD25n_Tcells
SRR25253630,T_cells,Memory,GSE237218,GSM7597112,HiSeq2000,Memory_CD4p_CD25n_Tcells
SRR25253631,T_cells,Memory,GSE237218,GSM7597111,HiSeq2000,Memory_CD4p_CD25n_Tcells
SRR25253632,T_cells,Diseased,GSE237218,GSM7597110,HiSeq2000,Memory_CD4p/CD25n_Tcells
SRR25253633,T_cells,Memory,GSE237218,GSM7597109,HiSeq2000,Memory_CD4p_CD25n_Tcells
SRR25253634,T_cells,Diseased,GSE237218,GSM7597108,HiSeq2000,Memory_CD4p/CD25n_Tcells
SRR25253635,T_cells,Memory,GSE237218,GSM7597107,HiSeq2000,Memory_CD4p_CD25n_Tcells
SRR25253636,T_cells,Diseased,GSE237218,GSM7597106,HiSeq2000,Memory_CD4p/CD25n_Tcells
SRR25253637,T_cells,Diseased,GSE237218,GSM7597105,HiSeq2000,Memory_CD4p/CD25n_Tcells
SRR25253638,T_cells,Memory,GSE237218,GSM7597104,HiSeq2000,Memory_CD4p_CD25n_Tcells
SRR25253639,T_cells,Memory,GSE237218,GSM7597103,HiSeq2000,Memory_CD4p_CD25n_Tcells
SRR25253640,T_cells,Diseased,GSE237218,GSM7597102,HiSeq2000,Memory_CD4p/CD25n_Tcells
SRR25253641,B_cells,Normal,GSE237218,GSM7597245,HiSeq2000,CD19p/CD27n_B_cells
SRR25253642,T_cells,Regulatory,GSE237218,GSM7597244,HiSeq2000,Memory_CD4p/CD25p_regulatory_Tcells
SRR25253643,B_cells,Diseased,GSE237218,GSM7597243,HiSeq2000,CD19p/CD27n_B_cells
SRR25253644,B_cells,Normal,GSE237218,GSM7597242,HiSeq2000,CD19p/CD27n_B_cells
SRR25253645,B_cells,Diseased,GSE237218,GSM7597241,HiSeq2000,CD19p/CD27n_B_cells
SRR25253646,B_cells,Normal,GSE237218,GSM7597240,HiSeq2000,CD19p/CD27n_B_cells
SRR25253647,B_cells,Diseased,GSE237218,GSM7597239,HiSeq2000,CD19p/CD27n_B_cells
SRR25253648,B_cells,Diseased,GSE237218,GSM7597238,HiSeq2000,CD19p/CD27n_B_cells
SRR25253649,B_cells,Normal,GSE237218,GSM7597237,HiSeq2000,CD19p/CD27n_B_cells
SRR25253650,B_cells,Diseased,GSE237218,GSM7597236,HiSeq2000,CD19p/CD27n_B_cells
SRR25253651,B_cells,Diseased,GSE237218,GSM7597235,HiSeq2000,CD19p/CD27n_B_cells
SRR25253652,T_cells,Diseased,GSE237218,GSM7597234,HiSeq2000,Memory_CD4p/CD25p_regulatory_Tcells
SRR25253653,T_cells,Diseased,GSE237218,GSM7597233,HiSeq2000,Memory_CD4p/CD25p_regulatory_Tcells
SRR25253654,T_cells,Regulatory,GSE237218,GSM7597232,HiSeq2000,Memory_CD4p/CD25p_regulatory_Tcells
SRR25253655,T_cells,Memory,GSE237218,GSM7597231,HiSeq2000,Memory_CD4p_CD25n_Tcells
SRR25253656,T_cells,Memory,GSE237218,GSM7597230,HiSeq2000,Memory_CD4p_CD25n_Tcells
SRR25253657,T_cells,Memory,GSE237218,GSM7597229,HiSeq2000,Memory_CD4p_CD25n_Tcells
SRR25253658,T_cells,Memory,GSE237218,GSM7597228,HiSeq2000,Memory_CD4p_CD25n_Tcells
SRR25253659,T_cells,Diseased,GSE237218,GSM7597227,HiSeq2000,Memory_CD4p/CD25n_Tcells
SRR25253660,T_cells,Diseased,GSE237218,GSM7597226,HiSeq2000,Memory_CD4p/CD25p_regulatory_Tcells
SRR25253661,T_cells,Regulatory,GSE237218,GSM7597225,HiSeq2000,Memory_CD4p/CD25p_regulatory_Tcells
SRR25253662,T_cells,Regulatory,GSE237218,GSM7597224,HiSeq2000,Memory_CD4p/CD25p_regulatory_Tcells
SRR25253663,T_cells,Diseased,GSE237218,GSM7597223,HiSeq2000,Memory_CD4p/CD25n_Tcells
SRR25253664,T_cells,Regulatory,GSE237218,GSM7597222,HiSeq2000,Memory_CD4p/CD25p_regulatory_Tcells
SRR25253665,T_cells,Diseased,GSE237218,GSM7597173,HiSeq2000,Memory_CD4p/CD25p_regulatory_Tcells
SRR25253666,T_cells,Memory,GSE237218,GSM7597172,HiSeq2000,Memory_CD4p_CD25n_Tcells
SRR25253667,T_cells,Memory,GSE237218,GSM7597171,HiSeq2000,Memory_CD4p_CD25n_Tcells
SRR25253668,T_cells,Diseased,GSE237218,GSM7597170,HiSeq2000,Memory_CD4p/CD25n_Tcells
SRR25253669,T_cells,Memory,GSE237218,GSM7597169,HiSeq2000,Memory_CD4p_CD25n_Tcells
SRR25253670,T_cells,Diseased,GSE237218,GSM7597168,HiSeq2000,Memory_CD4p/CD25n_Tcells
SRR25253671,T_cells,Diseased,GSE237218,GSM7597167,HiSeq2000,Memory_CD4p/CD25n_Tcells
SRR25253672,T_cells,Regulatory,GSE237218,GSM7597166,HiSeq2000,Memory_CD4p/CD25p_regulatory_Tcells
SRR25253673,T_cells,Regulatory,GSE237218,GSM7597165,HiSeq2000,Memory_CD4p/CD25p_regulatory_Tcells
SRR25253674,T_cells,Diseased,GSE237218,GSM7597164,HiSeq2000,Memory_CD4p/CD25n_Tcells
SRR25253675,T_cells,Diseased,GSE237218,GSM7597163,HiSeq2000,Memory_CD4p/CD25n_Tcells
SRR25253676,T_cells,Diseased,GSE237218,GSM7597162,HiSeq2000,Memory_CD4p/CD25p_regulatory_Tcells
SRR25253677,T_cells,Diseased,GSE237218,GSM7597161,HiSeq2000,Memory_CD4p/CD25p_regulatory_Tcells
SRR25253678,T_cells,Diseased,GSE237218,GSM7597160,HiSeq2000,Memory_CD4p/CD25n_Tcells
SRR25253679,T_cells,Memory,GSE237218,GSM7597159,HiSeq2000,Memory_CD4p_CD25n_Tcells
SRR25253680,T_cells,Memory,GSE237218,GSM7597158,HiSeq2000,Memory_CD4p_CD25n_Tcells
SRR25253681,T_cells,Memory,GSE237218,GSM7597157,HiSeq2000,Memory_CD4p_CD25n_Tcells
SRR25253682,T_cells,Diseased,GSE237218,GSM7597156,HiSeq2000,Memory_CD4p/CD25n_Tcells
SRR25253683,T_cells,Diseased,GSE237218,GSM7597155,HiSeq2000,Memory_CD4p/CD25n_Tcells
SRR25253684,T_cells,Regulatory,GSE237218,GSM7597154,HiSeq2000,Memory_CD4p/CD25p_regulatory_Tcells
SRR25253685,T_cells,Diseased,GSE237218,GSM7597153,HiSeq2000,Memory_CD4p/CD25p_regulatory_Tcells
SRR25253686,T_cells,Diseased,GSE237218,GSM7597152,HiSeq2000,Memory_CD4p/CD25p_regulatory_Tcells
SRR25253687,T_cells,Diseased,GSE237218,GSM7597151,HiSeq2000,Memory_CD4p/CD25n_Tcells
SRR25253688,T_cells,Regulatory,GSE237218,GSM7597150,HiSeq2000,Memory_CD4p/CD25p_regulatory_Tcells
SRR25253689,T_cells,Memory,GSE237218,GSM7597413,HiSeq2000,Memory_CD4p_CD25n_Tcells
SRR25253690,B_cells,Normal,GSE237218,GSM7597412,HiSeq2000,CD19p/CD27n_B_cells
SRR25253691,T_cells,Memory,GSE237218,GSM7597411,HiSeq2000,Memory_CD4p
SRR25253692,T_cells,Memory,GSE237218,GSM7597410,HiSeq2000,Memory_CD4p
SRR25253693,T_cells,Diseased,GSE237218,GSM7597409,HiSeq2000,Memory_CD4p/CD25n_Tcells
SRR25253694,T_cells,Diseased,GSE237218,GSM7597408,HiSeq2000,Memory_CD4p
SRR25253695,T_cells,Diseased,GSE237218,GSM7597407,HiSeq2000,Memory_CD4p
SRR25253696,T_cells,Diseased,GSE237218,GSM7597406,HiSeq2000,Memory_CD4p
SRR25253697,B_cells,Normal,GSE237218,GSM7597405,HiSeq2000,CD19p/CD27n_B_cells
SRR25253698,B_cells,Normal,GSE237218,GSM7597404,HiSeq2000,CD19p/CD27n_B_cells
SRR25253699,B_cells,Normal,GSE237218,GSM7597403,HiSeq2000,CD19p/CD27n_B_cells
SRR25253700,B_cells,Diseased,GSE237218,GSM7597402,HiSeq2000,CD19p/CD27n_B_cells
SRR25253701,T_cells,Diseased,GSE237218,GSM7597401,HiSeq2000,Memory_CD4p
SRR25253702,T_cells,Diseased,GSE237218,GSM7597400,HiSeq2000,Memory_CD4p
SRR25253703,T_cells,Regulatory,GSE237218,GSM7597399,HiSeq2000,Memory_CD4p/CD25n_Tcells
SRR25253704,T_cells,Diseased,GSE237218,GSM7597398,HiSeq2000,Memory_CD4p
SRR25253705,T_cells,Diseased,GSE237218,GSM7597397,HiSeq2000,Memory_CD4p
SRR25253706,T_cells,Memory,GSE237218,GSM7597396,HiSeq2000,Memory_CD4p
SRR25253707,B_cells,Normal,GSE237218,GSM7597395,HiSeq2000,CD19p/CD27n_B_cells
SRR25253708,B_cells,Diseased,GSE237218,GSM7597394,HiSeq2000,CD19p/CD27n_B_cells
SRR25253709,B_cells,Diseased,GSE237218,GSM7597393,HiSeq2000,CD19p/CD27n_B_cells
SRR25253710,T_cells,Diseased,GSE237218,GSM7597392,HiSeq2000,Memory_CD4p/CD25n_Tcells
SRR25253711,T_cells,Diseased,GSE237218,GSM7597391,HiSeq2000,Memory_CD4p/CD25p_regulatory_Tcells
SRR25253712,T_cells,Diseased,GSE237218,GSM7597390,HiSeq2000,Memory_CD4p
SRR25253713,T_cells,Diseased,GSE237218,GSM7597077,HiSeq2000,Memory_CD4p/CD25n_Tcells
SRR25253714,T_cells,Diseased,GSE237218,GSM7597076,HiSeq2000,Memory_CD4p/CD25n_Tcells
SRR25253715,T_cells,Diseased,GSE237218,GSM7597075,HiSeq2000,Memory_CD4p/CD25n_Tcells
SRR25253716,T_cells,Diseased,GSE237218,GSM7597074,HiSeq2000,Memory_CD4p/CD25n_Tcells
SRR25253717,T_cells,Diseased,GSE237218,GSM7597073,HiSeq2000,Memory_CD4p/CD25n_Tcells
SRR25253718,T_cells,Diseased,GSE237218,GSM7597072,HiSeq2000,Memory_CD4p/CD25n_Tcells
SRR25253719,T_cells,Memory,GSE237218,GSM7597071,HiSeq2000,Memory_CD4p_CD25n_Tcells
SRR25253720,T_cells,Memory,GSE237218,GSM7597070,HiSeq2000,Memory_CD4p_CD25n_Tcells
SRR25253721,T_cells,Diseased,GSE237218,GSM7597069,HiSeq2000,Memory_CD4p/CD25n_Tcells
SRR25253722,T_cells,Diseased,GSE237218,GSM7597068,HiSeq2000,Memory_CD4p/CD25n_Tcells
SRR25253723,T_cells,Memory,GSE237218,GSM7597067,HiSeq2000,Memory_CD4p_CD25n_Tcells
SRR25253724,T_cells,Memory,GSE237218,GSM7597066,HiSeq2000,Memory_CD4p_CD25n_Tcells
SRR25253725,T_cells,Diseased,GSE237218,GSM7597065,HiSeq2000,Memory_CD4p/CD25n_Tcells
SRR25253726,T_cells,Diseased,GSE237218,GSM7597064,HiSeq2000,Memory_CD4p/CD25n_Tcells
SRR25253727,T_cells,Diseased,GSE237218,GSM7597063,HiSeq2000,Memory_CD4p/CD25n_Tcells
SRR25253728,T_cells,Memory,GSE237218,GSM7597062,HiSeq2000,Memory_CD4p_CD25n_Tcells
SRR25253729,T_cells,Diseased,GSE237218,GSM7597061,HiSeq2000,Memory_CD4p/CD25n_Tcells
SRR25253730,T_cells,Memory,GSE237218,GSM7597060,HiSeq2000,Memory_CD4p_CD25n_Tcells
SRR25253731,T_cells,Diseased,GSE237218,GSM7597059,HiSeq2000,Memory_CD4p/CD25n_Tcells
SRR25253732,T_cells,Memory,GSE237218,GSM7597058,HiSeq2000,Memory_CD4p_CD25n_Tcells
SRR25253733,T_cells,Memory,GSE237218,GSM7597057,HiSeq2000,Memory_CD4p_CD25n_Tcells
SRR25253734,T_cells,Memory,GSE237218,GSM7597056,HiSeq2000,Memory_CD4p_CD25n_Tcells
SRR25253735,T_cells,Diseased,GSE237218,GSM7597055,HiSeq2000,Memory_CD4p/CD25n_Tcells
SRR25253736,T_cells,Memory,GSE237218,GSM7597054,HiSeq2000,Memory_CD4p_CD25n_Tcells
SRR25253737,B_cells,Diseased,GSE237218,GSM7597269,HiSeq2000,CD19p/CD27n_B_cells
SRR25253738,T_cells,Regulatory,GSE237218,GSM7597268,HiSeq2000,Memory_CD4p/CD25p_regulatory_Tcells
SRR25253739,B_cells,Normal,GSE237218,GSM7597267,HiSeq2000,CD19p/CD27n_B_cells
SRR25253740,B_cells,Normal,GSE237218,GSM7597266,HiSeq2000,CD19p/CD27n_B_cells
SRR25253741,B_cells,Normal,GSE237218,GSM7597265,HiSeq2000,CD19p/CD27n_B_cells
SRR25253742,B_cells,Diseased,GSE237218,GSM7597264,HiSeq2000,CD19p/CD27n_B_cells
SRR25253743,B_cells,Diseased,GSE237218,GSM7597263,HiSeq2000,CD19p/CD27n_B_cells
SRR25253744,B_cells,Normal,GSE237218,GSM7597262,HiSeq2000,CD19p/CD27n_B_cells
SRR25253745,B_cells,Normal,GSE237218,GSM7597261,HiSeq2000,CD19p/CD27n_B_cells
SRR25253746,B_cells,Diseased,GSE237218,GSM7597260,HiSeq2000,CD19p/CD27n_B_cells
SRR25253747,B_cells,Normal,GSE237218,GSM7597259,HiSeq2000,CD19p/CD27n_B_cells
SRR25253748,B_cells,Normal,GSE237218,GSM7597258,HiSeq2000,CD19p/CD27n_B_cells
SRR25253749,B_cells,Normal,GSE237218,GSM7597257,HiSeq2000,CD19p/CD27n_B_cells
SRR25253750,T_cells,Diseased,GSE237218,GSM7597256,HiSeq2000,Memory_CD4p/CD25p_regulatory_Tcells
SRR25253751,B_cells,Diseased,GSE237218,GSM7597255,HiSeq2000,CD19p/CD27n_B_cells
SRR25253752,B_cells,Normal,GSE237218,GSM7597254,HiSeq2000,CD19p/CD27n_B_cells
SRR25253753,B_cells,Diseased,GSE237218,GSM7597253,HiSeq2000,CD19p/CD27n_B_cells
SRR25253754,B_cells,Normal,GSE237218,GSM7597252,HiSeq2000,CD19p/CD27n_B_cells
SRR25253755,B_cells,Normal,GSE237218,GSM7597251,HiSeq2000,CD19p/CD27n_B_cells
SRR25253756,B_cells,Normal,GSE237218,GSM7597250,HiSeq2000,CD19p/CD27n_B_cells
SRR25253757,B_cells,Normal,GSE237218,GSM7597249,HiSeq2000,CD19p/CD27n_B_cells
SRR25253758,B_cells,Diseased,GSE237218,GSM7597248,HiSeq2000,CD19p/CD27n_B_cells
SRR25253759,B_cells,Normal,GSE237218,GSM7597247,HiSeq2000,CD19p/CD27n_B_cells
SRR25253760,B_cells,Diseased,GSE237218,GSM7597246,HiSeq2000,CD19p/CD27n_B_cells
SRR25253761,T_cells,Diseased,GSE237218,GSM7597197,HiSeq2000,Memory_CD4p/CD25p_regulatory_Tcells
SRR25253762,T_cells,Diseased,GSE237218,GSM7597196,HiSeq2000,Memory_CD4p/CD25p_regulatory_Tcells
SRR25253763,T_cells,Diseased,GSE237218,GSM7597195,HiSeq2000,Memory_CD4p/CD25n_Tcells
SRR25253764,T_cells,Memory,GSE237218,GSM7597194,HiSeq2000,Memory_CD4p_CD25n_Tcells
SRR25253765,T_cells,Memory,GSE237218,GSM7597193,HiSeq2000,Memory_CD4p_CD25n_Tcells
SRR25253766,T_cells,Memory,GSE237218,GSM7597192,HiSeq2000,Memory_CD4p_CD25n_Tcells
SRR25253767,T_cells,Diseased,GSE237218,GSM7597191,HiSeq2000,Memory_CD4p/CD25n_Tcells
SRR25253768,T_cells,Diseased,GSE237218,GSM7597190,HiSeq2000,Memory_CD4p/CD25p_regulatory_Tcells
SRR25253769,T_cells,Diseased,GSE237218,GSM7597189,HiSeq2000,Memory_CD4p/CD25p_regulatory_Tcells
SRR25253770,T_cells,Diseased,GSE237218,GSM7597188,HiSeq2000,Memory_CD4p/CD25p_regulatory_Tcells
SRR25253771,T_cells,Diseased,GSE237218,GSM7597187,HiSeq2000,Memory_CD4p/CD25n_Tcells
SRR25253772,T_cells,Diseased,GSE237218,GSM7597186,HiSeq2000,Memory_CD4p/CD25p_regulatory_Tcells
SRR25253773,T_cells,Regulatory,GSE237218,GSM7597185,HiSeq2000,Memory_CD4p/CD25p_regulatory_Tcells
SRR25253774,T_cells,Diseased,GSE237218,GSM7597184,HiSeq2000,Memory_CD4p/CD25p_regulatory_Tcells
SRR25253775,T_cells,Memory,GSE237218,GSM7597183,HiSeq2000,Memory_CD4p_CD25n_Tcells
SRR25253776,T_cells,Memory,GSE237218,GSM7597182,HiSeq2000,Memory_CD4p_CD25n_Tcells
SRR25253777,T_cells,Memory,GSE237218,GSM7597181,HiSeq2000,Memory_CD4p_CD25n_Tcells
SRR25253778,T_cells,Diseased,GSE237218,GSM7597180,HiSeq2000,Memory_CD4p/CD25n_Tcells
SRR25253779,T_cells,Diseased,GSE237218,GSM7597179,HiSeq2000,Memory_CD4p/CD25n_Tcells
SRR25253780,T_cells,Regulatory,GSE237218,GSM7597178,HiSeq2000,Memory_CD4p/CD25p_regulatory_Tcells
SRR25253781,T_cells,Diseased,GSE237218,GSM7597177,HiSeq2000,Memory_CD4p/CD25p_regulatory_Tcells
SRR25253782,T_cells,Diseased,GSE237218,GSM7597176,HiSeq2000,Memory_CD4p/CD25p_regulatory_Tcells
SRR25253783,T_cells,Diseased,GSE237218,GSM7597175,HiSeq2000,Memory_CD4p/CD25n_Tcells
SRR25253784,T_cells,Diseased,GSE237218,GSM7597174,HiSeq2000,Memory_CD4p/CD25p_regulatory_Tcells
SRR25253785,T_cells,Diseased,GSE237218,GSM7597420,HiSeq2000,Memory_CD4p
SRR25253786,T_cells,Memory,GSE237218,GSM7597419,HiSeq2000,Memory_CD4p
SRR25253787,T_cells,Memory,GSE237218,GSM7597418,HiSeq2000,Memory_CD4p
SRR25253919,B_cells,Normal,GSE237218,GSM7597382,HiSeq2000,CD19p/CD27n_B_cells
SRR25253920,B_cells,Normal,GSE237218,GSM7597381,HiSeq2000,CD19p/CD27n_B_cells
SRR25253921,T_cells,Regulatory,GSE237218,GSM7597380,HiSeq2000,Memory_CD4p/CD25p_regulatory_Tcells
SRR25253922,T_cells,Regulatory,GSE237218,GSM7597379,HiSeq2000,Memory_CD4p/CD25p_regulatory_Tcells
SRR25253923,T_cells,Memory,GSE237218,GSM7597378,HiSeq2000,Memory_CD4p
SRR25253924,T_cells,Diseased,GSE237218,GSM7597377,HiSeq2000,Memory_CD4p
SRR25253925,T_cells,Memory,GSE237218,GSM7597376,HiSeq2000,Memory_CD4p
SRR25253926,T_cells,Diseased,GSE237218,GSM7597375,HiSeq2000,Memory_CD4p/CD25p_regulatory_Tcells
SRR25253927,T_cells,Memory,GSE237218,GSM7597374,HiSeq2000,Memory_CD4p
SRR25253928,T_cells,Memory,GSE237218,GSM7597373,HiSeq2000,Memory_CD4p
SRR25253929,T_cells,Memory,GSE237218,GSM7597372,HiSeq2000,Memory_CD4p
SRR25253930,B_cells,Diseased,GSE237218,GSM7597371,HiSeq2000,CD19p/CD27n_B_cells
SRR25253931,B_cells,Normal,GSE237218,GSM7597370,HiSeq2000,CD19p/CD27n_B_cells
SRR25253932,T_cells,Regulatory,GSE237218,GSM7597369,HiSeq2000,Memory_CD4p/CD25p_regulatory_Tcells
SRR25253933,T_cells,Regulatory,GSE237218,GSM7597368,HiSeq2000,Memory_CD4p/CD25p_regulatory_Tcells
SRR25253934,T_cells,Diseased,GSE237218,GSM7597367,HiSeq2000,Memory_CD4p
SRR25253935,T_cells,Memory,GSE237218,GSM7597366,HiSeq2000,Memory_CD4p
SRR25253936,T_cells,Diseased,GSE237218,GSM7597101,HiSeq2000,Memory_CD4p/CD25n_Tcells
SRR25253937,T_cells,Memory,GSE237218,GSM7597100,HiSeq2000,Memory_CD4p_CD25n_Tcells
SRR25253938,T_cells,Memory,GSE237218,GSM7597099,HiSeq2000,Memory_CD4p_CD25n_Tcells
SRR25253939,T_cells,Memory,GSE237218,GSM7597098,HiSeq2000,Memory_CD4p_CD25n_Tcells
SRR25253940,T_cells,Memory,GSE237218,GSM7597097,HiSeq2000,Memory_CD4p_CD25n_Tcells
SRR25253941,T_cells,Memory,GSE237218,GSM7597096,HiSeq2000,Memory_CD4p_CD25n_Tcells
SRR25253942,T_cells,Memory,GSE237218,GSM7597095,HiSeq2000,Memory_CD4p_CD25n_Tcells
SRR25253943,T_cells,Memory,GSE237218,GSM7597094,HiSeq2000,Memory_CD4p_CD25n_Tcells
SRR25253944,T_cells,Diseased,GSE237218,GSM7597093,HiSeq2000,Memory_CD4p/CD25n_Tcells
SRR25253945,T_cells,Memory,GSE237218,GSM7597092,HiSeq2000,Memory_CD4p_CD25n_Tcells
SRR25253946,T_cells,Memory,GSE237218,GSM7597091,HiSeq2000,Memory_CD4p_CD25n_Tcells
SRR25253947,T_cells,Diseased,GSE237218,GSM7597090,HiSeq2000,Memory_CD4p/CD25n_Tcells
SRR25253948,T_cells,Memory,GSE237218,GSM7597089,HiSeq2000,Memory_CD4p_CD25n_Tcells
SRR25253949,T_cells,Memory,GSE237218,GSM7597088,HiSeq2000,Memory_CD4p_CD25n_Tcells
SRR25253950,T_cells,Memory,GSE237218,GSM7597087,HiSeq2000,Memory_CD4p_CD25n_Tcells
SRR25253951,T_cells,Memory,GSE237218,GSM7597086,HiSeq2000,Memory_CD4p_CD25n_Tcells
SRR25253952,T_cells,Memory,GSE237218,GSM7597085,HiSeq2000,Memory_CD4p_CD25n_Tcells
SRR25253953,T_cells,Diseased,GSE237218,GSM7597084,HiSeq2000,Memory_CD4p/CD25n_Tcells
SRR25253954,T_cells,Diseased,GSE237218,GSM7597083,HiSeq2000,Memory_CD4p/CD25n_Tcells
SRR25253955,T_cells,Diseased,GSE237218,GSM7597082,HiSeq2000,Memory_CD4p/CD25n_Tcells
SRR25253956,T_cells,Diseased,GSE237218,GSM7597081,HiSeq2000,Memory_CD4p/CD25n_Tcells
SRR25253957,T_cells,Memory,GSE237218,GSM7597080,HiSeq2000,Memory_CD4p_CD25n_Tcells
SRR25253958,T_cells,Memory,GSE237218,GSM7597079,HiSeq2000,Memory_CD4p_CD25n_Tcells
SRR25253959,T_cells,Memory,GSE237218,GSM7597078,HiSeq2000,Memory_CD4p_CD25n_Tcells
SRR25253960,T_cells,Regulatory,GSE237218,GSM7597029,HiSeq2000,Memory_CD4p/CD25p_regulatory_Tcells
SRR25253961,T_cells,Regulatory,GSE237218,GSM7597028,HiSeq2000,Memory_CD4p/CD25p_regulatory_Tcells
SRR25253962,T_cells,Diseased,GSE237218,GSM7597027,HiSeq2000,Memory_CD4p/CD25p_regulatory_Tcells
SRR25253963,T_cells,Regulatory,GSE237218,GSM7597026,HiSeq2000,Memory_CD4p/CD25p_regulatory_Tcells
SRR25253964,T_cells,Diseased,GSE237218,GSM7597025,HiSeq2000,Memory_CD4p/CD25p_regulatory_Tcells
SRR25253965,T_cells,Regulatory,GSE237218,GSM7597024,HiSeq2000,Memory_CD4p/CD25p_regulatory_Tcells
SRR25253966,T_cells,Regulatory,GSE237218,GSM7597023,HiSeq2000,Memory_CD4p/CD25p_regulatory_Tcells
SRR25253967,T_cells,Diseased,GSE237218,GSM7597022,HiSeq2000,Memory_CD4p/CD25p_regulatory_Tcells
SRR25253968,T_cells,Diseased,GSE237218,GSM7597021,HiSeq2000,Memory_CD4p/CD25p_regulatory_Tcells
SRR25253969,T_cells,Diseased,GSE237218,GSM7597020,HiSeq2000,Memory_CD4p/CD25p_regulatory_Tcells
SRR25253970,T_cells,Diseased,GSE237218,GSM7597019,HiSeq2000,Memory_CD4p/CD25p_regulatory_Tcells
SRR25253971,T_cells,Regulatory,GSE237218,GSM7597018,HiSeq2000,Memory_CD4p/CD25p_regulatory_Tcells
SRR25253972,T_cells,Regulatory,GSE237218,GSM7597017,HiSeq2000,Memory_CD4p/CD25p_regulatory_Tcells
SRR25253973,T_cells,Regulatory,GSE237218,GSM7597016,HiSeq2000,Memory_CD4p/CD25p_regulatory_Tcells
SRR25253974,T_cells,Regulatory,GSE237218,GSM7597015,HiSeq2000,Memory_CD4p/CD25p_regulatory_Tcells
SRR25253975,T_cells,Regulatory,GSE237218,GSM7597014,HiSeq2000,Memory_CD4p/CD25p_regulatory_Tcells
SRR25253976,T_cells,Regulatory,GSE237218,GSM7597013,HiSeq2000,Memory_CD4p/CD25p_regulatory_Tcells
SRR25253977,T_cells,Diseased,GSE237218,GSM7597012,HiSeq2000,Memory_CD4p/CD25p_regulatory_Tcells
SRR25253978,T_cells,Regulatory,GSE237218,GSM7597011,HiSeq2000,Memory_CD4p/CD25p_regulatory_Tcells
SRR25253979,T_cells,Regulatory,GSE237218,GSM7597010,HiSeq2000,Memory_CD4p/CD25p_regulatory_Tcells
SRR25253980,T_cells,Diseased,GSE237218,GSM7597009,HiSeq2000,Memory_CD4p/CD25p_regulatory_Tcells
SRR25253981,T_cells,Regulatory,GSE237218,GSM7597008,HiSeq2000,Memory_CD4p/CD25p_regulatory_Tcells
SRR25253982,T_cells,Diseased,GSE237218,GSM7597007,HiSeq2000,Memory_CD4p/CD25p_regulatory_Tcells
SRR25253983,T_cells,Diseased,GSE237218,GSM7597006,HiSeq2000,Memory_CD4p/CD25p_regulatory_Tcells
SRR25253984,B_cells,Normal,GSE237218,GSM7597293,HiSeq2000,CD19p/CD27n_B_cells
SRR25253985,B_cells,Normal,GSE237218,GSM7597292,HiSeq2000,CD19p/CD27n_B_cells
SRR25253986,B_cells,Normal,GSE237218,GSM7597291,HiSeq2000,CD19p/CD27n_B_cells
SRR25253987,B_cells,Diseased,GSE237218,GSM7597290,HiSeq2000,CD19p/CD27n_B_cells
SRR25253988,B_cells,Diseased,GSE237218,GSM7597289,HiSeq2000,CD19p/CD27n_B_cells
SRR25253989,B_cells,Normal,GSE237218,GSM7597288,HiSeq2000,CD19p/CD27n_B_cells
SRR25253990,B_cells,Normal,GSE237218,GSM7597287,HiSeq2000,CD19p/CD27n_B_cells
SRR25253991,B_cells,Diseased,GSE237218,GSM7597286,HiSeq2000,CD19p/CD27n_B_cells
SRR25253992,B_cells,Normal,GSE237218,GSM7597285,HiSeq2000,CD19p/CD27n_B_cells
SRR25253993,B_cells,Diseased,GSE237218,GSM7597284,HiSeq2000,CD19p/CD27n_B_cells
SRR25253994,B_cells,Diseased,GSE237218,GSM7597283,HiSeq2000,CD19p/CD27n_B_cells
SRR25253995,B_cells,Diseased,GSE237218,GSM7597282,HiSeq2000,CD19p/CD27n_B_cells
SRR25253996,B_cells,Normal,GSE237218,GSM7597281,HiSeq2000,CD19p/CD27n_B_cells
SRR25253997,T_cells,Regulatory,GSE237218,GSM7597280,HiSeq2000,Memory_CD4p/CD25p_regulatory_Tcells
SRR25253998,B_cells,Diseased,GSE237218,GSM7597279,HiSeq2000,CD19p/CD27n_B_cells
SRR25253999,B_cells,Diseased,GSE237218,GSM7597278,HiSeq2000,CD19p/CD27n_B_cells
SRR25254000,B_cells,Diseased,GSE237218,GSM7597277,HiSeq2000,CD19p/CD27n_B_cells
SRR25254001,B_cells,Normal,GSE237218,GSM7597276,HiSeq2000,CD19p/CD27n_B_cells
SRR25254002,B_cells,Diseased,GSE237218,GSM7597275,HiSeq2000,CD19p/CD27n_B_cells
SRR25254003,B_cells,Normal,GSE237218,GSM7597274,HiSeq2000,CD19p/CD27n_B_cells
SRR25254004,B_cells,Normal,GSE237218,GSM7597273,HiSeq2000,CD19p/CD27n_B_cells
SRR25254005,B_cells,Normal,GSE237218,GSM7597272,HiSeq2000,CD19p/CD27n_B_cells
SRR25254006,B_cells,Diseased,GSE237218,GSM7597271,HiSeq2000,CD19p/CD27n_B_cells
SRR25254007,B_cells,Diseased,GSE237218,GSM7597270,HiSeq2000,CD19p/CD27n_B_cells
SRR25254008,T_cells,Regulatory,GSE237218,GSM7597005,HiSeq2000,Memory_CD4p/CD25p_regulatory_Tcells
SRR25254009,T_cells,Regulatory,GSE237218,GSM7597004,HiSeq2000,Memory_CD4p/CD25p_regulatory_Tcells
SRR25254010,T_cells,Regulatory,GSE237218,GSM7597003,HiSeq2000,Memory_CD4p/CD25p_regulatory_Tcells
SRR25254011,T_cells,Diseased,GSE237218,GSM7597002,HiSeq2000,Memory_CD4p/CD25p_regulatory_Tcells
SRR25254012,T_cells,Regulatory,GSE237218,GSM7597001,HiSeq2000,Memory_CD4p/CD25p_regulatory_Tcells
SRR25254013,T_cells,Diseased,GSE237218,GSM7597000,HiSeq2000,Memory_CD4p/CD25p_regulatory_Tcells
SRR25254014,T_cells,Diseased,GSE237218,GSM7596999,HiSeq2000,Memory_CD4p/CD25p_regulatory_Tcells
SRR25254015,T_cells,Regulatory,GSE237218,GSM7596998,HiSeq2000,Memory_CD4p/CD25p_regulatory_Tcells
SRR25254016,B_cells,Diseased,GSE237218,GSM7596997,HiSeq2000,CD19p/CD27n_B_cells
SRR25254017,B_cells,Normal,GSE237218,GSM7596996,HiSeq2000,CD19p/CD27n_B_cells
SRR25254018,B_cells,Diseased,GSE237218,GSM7596995,HiSeq2000,CD19p/CD27n_B_cells
SRR25254019,B_cells,Diseased,GSE237218,GSM7596994,HiSeq2000,CD19p/CD27n_B_cells
SRR25254020,B_cells,Diseased,GSE237218,GSM7596993,HiSeq2000,CD19p/CD27n_B_cells
SRR25254021,B_cells,Diseased,GSE237218,GSM7596992,HiSeq2000,CD19p/CD27n_B_cells
SRR25254022,B_cells,Normal,GSE237218,GSM7596991,HiSeq2000,CD19p/CD27n_B_cells
SRR25254023,B_cells,Normal,GSE237218,GSM7596990,HiSeq2000,CD19p/CD27n_B_cells
SRR25254024,B_cells,Normal,GSE237218,GSM7596989,HiSeq2000,CD19p/CD27n_B_cells
SRR25254025,B_cells,Normal,GSE237218,GSM7596988,HiSeq2000,CD19p/CD27n_B_cells
SRR25254026,B_cells,Diseased,GSE237218,GSM7596987,HiSeq2000,CD19p/CD27n_B_cells
SRR25254027,B_cells,Normal,GSE237218,GSM7596986,HiSeq2000,CD19p/CD27n_B_cells
SRR25254028,B_cells,Normal,GSE237218,GSM7596985,HiSeq2000,CD19p/CD27n_B_cells
SRR25254029,B_cells,Diseased,GSE237218,GSM7596984,HiSeq2000,CD19p/CD27n_B_cells
SRR25254030,B_cells,Normal,GSE237218,GSM7596983,HiSeq2000,CD19p/CD27n_B_cells
SRR25254031,B_cells,Normal,GSE237218,GSM7596982,HiSeq2000,CD19p/CD27n_B_cells
SRR25254032,T_cells,Regulatory,GSE237218,GSM7597341,HiSeq2000,Memory_CD4p/CD25p_regulatory_Tcells
SRR5714385,iPSC,Normal,GSE100223,GSM2674875,HiSeq2000,
SRR2453299,Fibroblast,Normal,GSE73211,GSM1888619,HiSeq2000,
SRR2453300,Fibroblast,Normal,GSE73211,GSM1888619,HiSeq2000,
SRR2453301,iPSC,Normal,GSE73211,GSM1888620,HiSeq2000,
SRR2453302,Fibroblast,Normal,GSE73211,GSM1888621,HiSeq2000,
SRR2453303,iPSC,Normal,GSE73211,GSM1888622,HiSeq2000,
SRR2453304,iPSC,Normal,GSE73211,GSM1888622,HiSeq2000,
SRR2453305,Fibroblast,Normal,GSE73211,GSM1888623,HiSeq2000,
SRR2453306,iPSC,Normal,GSE73211,GSM1888624,HiSeq2000,
SRR2453307,Fibroblast,Normal,GSE73211,GSM1888625,HiSeq2000,
SRR2453308,iPSC,Normal,GSE73211,GSM1888626,HiSeq2000,
SRR2453309,Fibroblast,Normal,GSE73211,GSM1888627,HiSeq2000,
SRR2453310,iPSC,Normal,GSE73211,GSM1888628,HiSeq2000,
SRR2453311,Fibroblast,Normal,GSE73211,GSM1888629,HiSeq2000,
SRR2453312,iPSC,Normal,GSE73211,GSM1888630,HiSeq2000,
SRR2453313,iPSC,Normal,GSE73211,GSM1888630,HiSeq2000,
SRR2453314,iPSC,Normal,GSE73211,GSM1888630,HiSeq2000,
SRR2453315,ESC,Normal,GSE73211,GSM1888631,HiSeq2000,
SRR2453316,ESC,Normal,GSE73211,GSM1888632,HiSeq2000,
SRR2453317,ESC,Normal,GSE73211,GSM1888633,HiSeq2000,
SRR2453318,Fibroblast,Normal,GSE73211,GSM1888634,HiSeq2000,
SRR2453319,Fibroblast,Normal,GSE73211,GSM1888635,HiSeq2000,
SRR2453320,Fibroblast,Normal,GSE73211,GSM1888636,HiSeq2000,
SRR2453321,ESC,Normal,GSE73211,GSM1888637,HiSeq2000,
SRR2453322,ESC,Normal,GSE73211,GSM1888637,HiSeq2000,
SRR2453323,Fibroblast,Normal,GSE73211,GSM1888638,HiSeq2000,
SRR2453324,ESC,Normal,GSE73211,GSM1888639,HiSeq2000,
SRR2453325,ESC,Normal,GSE73211,GSM1888639,HiSeq2000,
SRR2453326,ESC,Normal,GSE73211,GSM1888640,HiSeq2000,
SRR2453327,ESC,Normal,GSE73211,GSM1888640,HiSeq2000,
SRR2453328,ESC,Normal,GSE73211,GSM1888641,HiSeq2000,
SRR2453329,ESC,Normal,GSE73211,GSM1888642,HiSeq2000,
SRR2453330,ESC,Normal,GSE73211,GSM1888642,HiSeq2000,
SRR2453331,ESC,Normal,GSE73211,GSM1888643,HiSeq2000,
SRR2453332,Fibroblast,Normal,GSE73211,GSM1888644,HiSeq2000,
SRR2453333,Fibroblast,Normal,GSE73211,GSM1888644,HiSeq2000,
SRR2453334,Fibroblast,Normal,GSE73211,GSM1888645,HiSeq2000,
SRR2453335,Fibroblast,Normal,GSE73211,GSM1888646,HiSeq2000,
SRR2453336,Fibroblast,Normal,GSE73211,GSM1888647,HiSeq2000,
SRR2453337,ESC,Normal,GSE73211,GSM1888648,HiSeq2000,
SRR2453338,ESC,Normal,GSE73211,GSM1888648,HiSeq2000,
SRR2453339,ESC,Normal,GSE73211,GSM1888649,HiSeq2000,
SRR2453340,ESC,Normal,GSE73211,GSM1888650,HiSeq2000,
SRR2453341,Fibroblast,Normal,GSE73211,GSM1888651,HiSeq2000,
SRR2453342,ESC,Normal,GSE73211,GSM1888652,HiSeq2000,
SRR2453343,ESC,Normal,GSE73211,GSM1888653,HiSeq2000,
SRR2453344,iPSC,Normal,GSE73211,GSM1888654,HiSeq2000,
SRR2453345,iPSC,Normal,GSE73211,GSM1888655,HiSeq2000,
SRR2453346,ESC,Normal,GSE73211,GSM1888656,HiSeq2000,
SRR2453347,iPSC,Normal,GSE73211,GSM1888657,HiSeq2000,
SRR2453348,iPSC,Normal,GSE73211,GSM1888658,HiSeq2000,
SRR2453349,iPSC,Normal,GSE73211,GSM1888659,HiSeq2000,
SRR2453350,iPSC,Normal,GSE73211,GSM1888660,HiSeq2000,
SRR2453351,ESC,Normal,GSE73211,GSM1888661,HiSeq2000,
SRR2453352,iPSC,Normal,GSE73211,GSM1888662,HiSeq2000,
SRR2453353,iPSC,Normal,GSE73211,GSM1888663,HiSeq2000,
SRR2453354,ESC,Normal,GSE73211,GSM1888664,HiSeq2000,
SRR2453355,ESC,Normal,GSE73211,GSM1888665,HiSeq2000,
SRR2453356,ESC,Normal,GSE73211,GSM1888666,HiSeq2000,
SRR6355965,iPSC,Normal,GSE107654,GSM2392700,HiSeq2500,
SRR6355966,iPSC,Normal,GSE107654,GSM2392701,HiSeq2500,
SRR6355967,iPSC,Normal,GSE107654,GSM2392702,HiSeq2500,
SRR6355968,iPSC,Normal,GSE107654,GSM2392703,HiSeq2500,
SRR6355969,iPSC,Normal,GSE107654,GSM2392704,HiSeq2500,
SRR6355970,iPSC,Normal,GSE107654,GSM2392705,HiSeq2500,
SRR6355971,iPSC,Normal,GSE107654,GSM2392706,HiSeq2500,
SRR6355972,iPSC,Normal,GSE107654,GSM2392707,HiSeq2500,
SRR6355973,iPSC,Normal,GSE107654,GSM2392708,HiSeq2500,
SRR6355974,iPSC,Normal,GSE107654,GSM2392709,HiSeq2500,
SRR6355975,iPSC,Normal,GSE107654,GSM2392710,HiSeq2500,
SRR6355976,iPSC,Normal,GSE107654,GSM2392711,HiSeq2500,
SRR6355977,iPSC,Normal,GSE107654,GSM2392712,HiSeq2500,
SRR6355978,iPSC,Normal,GSE107654,GSM2392713,HiSeq2500,
SRR6355979,iPSC,Normal,GSE107654,GSM2392714,HiSeq2500,
SRR6355980,iPSC,Normal,GSE107654,GSM2392715,HiSeq2500,
SRR6355981,iPSC,Normal,GSE107654,GSM2392716,HiSeq2500,
SRR6355982,iPSC,Normal,GSE107654,GSM2392717,HiSeq2500,
SRR6355983,iPSC,Normal,GSE107654,GSM2392718,HiSeq2500,
SRR6355984,iPSC,Normal,GSE107654,GSM2392719,HiSeq2500,
SRR6355985,iPSC,Normal,GSE107654,GSM2392720,HiSeq2500,
SRR6355986,iPSC,Normal,GSE107654,GSM2392721,HiSeq2500,
SRR6355987,iPSC,Normal,GSE107654,GSM2392722,HiSeq2500,
SRR6355988,iPSC,Normal,GSE107654,GSM2392723,HiSeq2500,
SRR6355989,iPSC,Normal,GSE107654,GSM2392724,HiSeq2500,
SRR6355990,iPSC,Normal,GSE107654,GSM2392725,HiSeq2500,
SRR6355991,iPSC,Normal,GSE107654,GSM2392726,HiSeq2500,
SRR6355992,iPSC,Normal,GSE107654,GSM2392727,HiSeq2500,
SRR6355993,iPSC,Normal,GSE107654,GSM2392728,HiSeq2500,
SRR6355994,iPSC,Normal,GSE107654,GSM2392729,HiSeq2500,
SRR6355995,iPSC,Normal,GSE107654,GSM2392730,HiSeq2500,
SRR6355996,iPSC,Normal,GSE107654,GSM2392731,HiSeq2500,
SRR6355997,iPSC,Normal,GSE107654,GSM2392732,HiSeq2500,
SRR6355998,iPSC,Normal,GSE107654,GSM2392733,HiSeq2500,
SRR6355999,iPSC,Normal,GSE107654,GSM2392734,HiSeq2500,
SRR6356000,iPSC,Normal,GSE107654,GSM2392735,HiSeq2500,
SRR6356001,iPSC,Normal,GSE107654,GSM2392736,HiSeq2500,
SRR6356002,iPSC,Normal,GSE107654,GSM2392737,HiSeq2500,
